mysqldump: [Warning] Using a password on the command line interface can be insecure.
-- MySQL dump 10.13  Distrib 8.0.22, for Linux (x86_64)
--
-- Host: localhost    Database: cerebro
-- ------------------------------------------------------
-- Server version	8.0.22

/*!40101 SET @OLD_CHARACTER_SET_CLIENT=@@CHARACTER_SET_CLIENT */;
/*!40101 SET @OLD_CHARACTER_SET_RESULTS=@@CHARACTER_SET_RESULTS */;
/*!40101 SET @OLD_COLLATION_CONNECTION=@@COLLATION_CONNECTION */;
/*!50503 SET NAMES utf8mb4 */;
/*!40103 SET @OLD_TIME_ZONE=@@TIME_ZONE */;
/*!40103 SET TIME_ZONE='+00:00' */;
/*!40014 SET @OLD_UNIQUE_CHECKS=@@UNIQUE_CHECKS, UNIQUE_CHECKS=0 */;
/*!40014 SET @OLD_FOREIGN_KEY_CHECKS=@@FOREIGN_KEY_CHECKS, FOREIGN_KEY_CHECKS=0 */;
/*!40101 SET @OLD_SQL_MODE=@@SQL_MODE, SQL_MODE='NO_AUTO_VALUE_ON_ZERO' */;
/*!40111 SET @OLD_SQL_NOTES=@@SQL_NOTES, SQL_NOTES=0 */;
mysqldump: Error: 'Access denied; you need (at least one of) the PROCESS privilege(s) for this operation' when trying to dump tablespaces

--
-- Table structure for table `Brain_scanner`
--

DROP TABLE IF EXISTS `Brain_scanner`;
/*!40101 SET @saved_cs_client     = @@character_set_client */;
/*!50503 SET character_set_client = utf8mb4 */;
CREATE TABLE `Brain_scanner` (
  `Scanner_id` int NOT NULL AUTO_INCREMENT,
  `Patient_id` varchar(50) DEFAULT NULL,
  `Image_path` varchar(255) DEFAULT NULL,
  `Date` date DEFAULT NULL,
  `Group` varchar(5) DEFAULT NULL,
  PRIMARY KEY (`Scanner_id`),
  KEY `Patient_id` (`Patient_id`),
  CONSTRAINT `Brain_scanner_ibfk_1` FOREIGN KEY (`Patient_id`) REFERENCES `Patient` (`Patient_id`)
) ENGINE=InnoDB AUTO_INCREMENT=39 DEFAULT CHARSET=utf8mb4 COLLATE=utf8mb4_0900_ai_ci;
/*!40101 SET character_set_client = @saved_cs_client */;

--
-- Dumping data for table `Brain_scanner`
--

LOCK TABLES `Brain_scanner` WRITE;
/*!40000 ALTER TABLE `Brain_scanner` DISABLE KEYS */;
INSERT INTO `Brain_scanner` VALUES (1,'I45126','./uploads\\ADNI_002_S_0559_MR_MPR____N3__Scaled_Br_20070319121214158_S15922_I45126.nii','2021-02-25','CN'),(2,'I45126','./uploads\\ADNI_002_S_0559_MR_MPR____N3__Scaled_Br_20070319121214158_S15922_I45126.nii','2021-02-26','CN'),(3,'01','./uploads\\ADNI_01.NII','2021-02-26','MCI'),(4,'01','./uploads\\ADNI_01.NII','2021-02-25','MCI'),(6,'I40657','./uploads\\ADNI_002_S_0413_MR_MPR____N3__Scaled_Br_20070216232854688_S14782_I40657.nii','2021-02-25','CN'),(7,'I40657','./uploads\\ADNI_002_S_0413_MR_MPR____N3__Scaled_Br_20070216232854688_S14782_I40657.nii','2021-02-25','CN'),(14,'I40657','./uploads\\ADNI_002_S_0413_MR_MPR____N3__Scaled_Br_20070216232854688_S14782_I40657.nii','2021-03-06','CN'),(15,'I40657','./uploads\\ADNI_002_S_0413_MR_MPR____N3__Scaled_Br_20070216232854688_S14782_I40657.nii','2021-03-06','CN'),(16,'I40657','./uploads\\ADNI_002_S_0413_MR_MPR____N3__Scaled_Br_20070216232854688_S14782_I40657.nii','2021-03-08','CN'),(17,'I40657','./uploads\\ADNI_002_S_0413_MR_MPR____N3__Scaled_Br_20070216232854688_S14782_I40657.nii','2021-03-07','CN'),(18,'I40657','./uploads\\ADNI_002_S_0413_MR_MPR____N3__Scaled_Br_20070216232854688_S14782_I40657.nii','2021-03-09','CN'),(19,'I40657','./uploads\\ADNI_002_S_0413_MR_MPR____N3__Scaled_Br_20070216232854688_S14782_I40657.nii','2021-03-14','CN'),(20,'I40657','./uploads\\ADNI_002_S_0413_MR_MPR____N3__Scaled_Br_20070216232854688_S14782_I40657.nii','2021-02-01','CN'),(21,'I40657','./uploads\\ADNI_002_S_0413_MR_MPR____N3__Scaled_Br_20070216232854688_S14782_I40657.nii','2021-02-26','CN'),(22,'I40657','./uploads\\ADNI_002_S_0413_MR_MPR____N3__Scaled_Br_20070216232854688_S14782_I40657.nii','2021-02-26','CN'),(23,'I40657','./uploads\\ADNI_002_S_0413_MR_MPR____N3__Scaled_Br_20070216232854688_S14782_I40657.nii','2021-02-26','CN'),(24,'I40657','./uploads\\ADNI_002_S_0413_MR_MPR____N3__Scaled_Br_20070216232854688_S14782_I40657.nii','2021-03-13','CN'),(25,'I40657','./uploads\\ADNI_002_S_0413_MR_MPR____N3__Scaled_Br_20070216232854688_S14782_I40657.nii','2021-03-14','CN'),(26,'I40657','./uploads\\ADNI_002_S_0413_MR_MPR____N3__Scaled_Br_20070216232854688_S14782_I40657.nii','2021-03-12','CN'),(27,'I40657','./uploads\\ADNI_002_S_0413_MR_MPR____N3__Scaled_Br_20070216232854688_S14782_I40657.nii','2021-03-07','CN'),(28,'I40657','./uploads\\ADNI_002_S_0413_MR_MPR____N3__Scaled_Br_20070216232854688_S14782_I40657.nii','2021-03-10','CN'),(29,'I40657','./uploads\\ADNI_002_S_0413_MR_MPR____N3__Scaled_Br_20070216232854688_S14782_I40657.nii','2021-03-12','CN'),(30,'I40657','./uploads\\ADNI_002_S_0413_MR_MPR____N3__Scaled_Br_20070216232854688_S14782_I40657.nii','2021-02-19','CN'),(31,'I40657','./uploads\\ADNI_002_S_0413_MR_MPR____N3__Scaled_Br_20070216232854688_S14782_I40657.nii','2021-03-11','CN'),(32,'I40657','./uploads\\ADNI_002_S_0413_MR_MPR____N3__Scaled_Br_20070216232854688_S14782_I40657.nii','2021-03-06','CN'),(33,'I40657','./uploads\\ADNI_002_S_0413_MR_MPR____N3__Scaled_Br_20070216232854688_S14782_I40657.nii','2021-03-11','CN'),(34,'I40657','./uploads\\ADNI_002_S_0413_MR_MPR____N3__Scaled_Br_20070216232854688_S14782_I40657.nii','2021-03-03','CN'),(35,'I40657','./uploads\\ADNI_002_S_0413_MR_MPR____N3__Scaled_Br_20070216232854688_S14782_I40657.nii','2021-03-09','CN'),(36,'I40657','./uploads\\ADNI_002_S_0413_MR_MPR____N3__Scaled_Br_20070216232854688_S14782_I40657.nii','2021-03-10','CN'),(37,'I40657','./uploads\\ADNI_002_S_0413_MR_MPR____N3__Scaled_Br_20070216232854688_S14782_I40657.nii','2021-02-20','CN'),(38,'I40657','./uploads\\ADNI_002_S_0413_MR_MPR____N3__Scaled_Br_20070216232854688_S14782_I40657.nii','2021-03-14','CN');
/*!40000 ALTER TABLE `Brain_scanner` ENABLE KEYS */;
UNLOCK TABLES;

--
-- Table structure for table `Doctor`
--

DROP TABLE IF EXISTS `Doctor`;
/*!40101 SET @saved_cs_client     = @@character_set_client */;
/*!50503 SET character_set_client = utf8mb4 */;
CREATE TABLE `Doctor` (
  `Doctor_id` int NOT NULL AUTO_INCREMENT,
  `Firstname` varchar(255) NOT NULL,
  `Lastname` varchar(255) NOT NULL,
  PRIMARY KEY (`Doctor_id`)
) ENGINE=InnoDB AUTO_INCREMENT=5 DEFAULT CHARSET=utf8mb4 COLLATE=utf8mb4_0900_ai_ci;
/*!40101 SET character_set_client = @saved_cs_client */;

--
-- Dumping data for table `Doctor`
--

LOCK TABLES `Doctor` WRITE;
/*!40000 ALTER TABLE `Doctor` DISABLE KEYS */;
INSERT INTO `Doctor` VALUES (1,'Meredith','Grey'),(2,'Miranda','Bailey'),(3,'Derek','Shepard'),(4,'Alex','Karev');
/*!40000 ALTER TABLE `Doctor` ENABLE KEYS */;
UNLOCK TABLES;

--
-- Table structure for table `Models_list`
--

DROP TABLE IF EXISTS `Models_list`;
/*!40101 SET @saved_cs_client     = @@character_set_client */;
/*!50503 SET character_set_client = utf8mb4 */;
CREATE TABLE `Models_list` (
  `Model_name` varchar(255) NOT NULL,
  `Accuracy` float DEFAULT NULL,
  `Precision` float DEFAULT NULL,
  `Recall` float DEFAULT NULL,
  `f1-score` float DEFAULT NULL,
  `Nb_data` int DEFAULT NULL,
  `Description` varchar(255) DEFAULT NULL,
  PRIMARY KEY (`Model_name`)
) ENGINE=InnoDB DEFAULT CHARSET=utf8mb4 COLLATE=utf8mb4_0900_ai_ci;
/*!40101 SET character_set_client = @saved_cs_client */;

--
-- Dumping data for table `Models_list`
--

LOCK TABLES `Models_list` WRITE;
/*!40000 ALTER TABLE `Models_list` DISABLE KEYS */;
INSERT INTO `Models_list` VALUES ('best_baseline_model_1',0.65,0.64,0.73,0.66,275,'RandomForest best model on images treated with preprocessing 1 method'),('best_baseline_model_2',0.61,0.61,0.65,0.62,275,'RandomForest best model on images treated with preprocessing 2 method'),('best_baseline_model_fulldataset',0.71,0.64,0.7,0.65,306,'Best baseline model XGB on fulldataset'),('keras3dcnn_model_1',0.77,0.82,0.77,0.79,275,'Prediction using the Keras 3Dcnn model on images treated with preprocessing 1 method'),('keras3dcnn_model_2',0.77,0.77,0.77,0.77,275,'Prediction using the Keras 3Dcnn model on images treated with preprocessing 2 method'),('keras3dcnn_model_fulldataset',0.77,0.77,0.74,0.75,306,'Model Keras 3Dcnn on fulldataset'),('metadata_rf_model',0.58,0.56,0.55,0.54,275,'The best prediction using only metadata from patients'),('resnet_model_1',0.52,0.57,0.52,0.51,275,'Resnet model on images processed with method 1'),('resnet_model_2',0.55,0.69,0.58,0.5,275,'Resnet model on images processed with method 2'),('resnet_model_fulldataset',0.79,0.77,0.72,0.73,306,'Resnet model on fulldataset');
/*!40000 ALTER TABLE `Models_list` ENABLE KEYS */;
UNLOCK TABLES;

--
-- Table structure for table `Patient`
--

DROP TABLE IF EXISTS `Patient`;
/*!40101 SET @saved_cs_client     = @@character_set_client */;
/*!50503 SET character_set_client = utf8mb4 */;
CREATE TABLE `Patient` (
  `Patient_id` varchar(40) NOT NULL,
  `Gender` varchar(1) NOT NULL,
  `Birthday` date NOT NULL,
  `Doctor_id` int NOT NULL,
  PRIMARY KEY (`Patient_id`),
  KEY `Patient_fk0` (`Doctor_id`),
  CONSTRAINT `Patient_fk0` FOREIGN KEY (`Doctor_id`) REFERENCES `Doctor` (`Doctor_id`)
) ENGINE=InnoDB DEFAULT CHARSET=utf8mb4 COLLATE=utf8mb4_0900_ai_ci;
/*!40101 SET character_set_client = @saved_cs_client */;

--
-- Dumping data for table `Patient`
--

LOCK TABLES `Patient` WRITE;
/*!40000 ALTER TABLE `Patient` DISABLE KEYS */;
INSERT INTO `Patient` VALUES ('01','M','2021-02-01',4),('I40657','M','2021-02-01',2),('I45126','F','2021-02-01',2);
/*!40000 ALTER TABLE `Patient` ENABLE KEYS */;
UNLOCK TABLES;

--
-- Table structure for table `Patient_data_test`
--

DROP TABLE IF EXISTS `Patient_data_test`;
/*!40101 SET @saved_cs_client     = @@character_set_client */;
/*!50503 SET character_set_client = utf8mb4 */;
CREATE TABLE `Patient_data_test` (
  `Image_data_id` varchar(50) NOT NULL,
  `Group` varchar(25) NOT NULL,
  `Sex` enum('F','M') NOT NULL,
  `Age` int NOT NULL,
  `Image_path` varchar(255) NOT NULL,
  PRIMARY KEY (`Image_data_id`)
) ENGINE=InnoDB DEFAULT CHARSET=utf8mb4 COLLATE=utf8mb4_0900_ai_ci;
/*!40101 SET character_set_client = @saved_cs_client */;

--
-- Dumping data for table `Patient_data_test`
--

LOCK TABLES `Patient_data_test` WRITE;
/*!40000 ALTER TABLE `Patient_data_test` DISABLE KEYS */;
INSERT INTO `Patient_data_test` VALUES ('I102204','MCI','F',67,'../data/ADNI_data/ADNI1_Annual_2_Yr_3T/images\\023_S_0331\\MPR__GradWarp__B1_Correction__N3__Scaled\\2008-03-28_14_12_16.0\\S47655\\ADNI_023_S_0331_MR_MPR__GradWarp__B1_Correction__N3__Scaled_Br_20080410163445362_S47655_I102204.nii'),('I102840','CN','F',80,'../data/ADNI_data/ADNI1_Annual_2_Yr_3T/images\\136_S_0184\\MPR-R____N3__Scaled\\2008-03-17_11_16_11.0\\S47135\\ADNI_136_S_0184_MR_MPR-R____N3__Scaled_Br_20080415154909319_S47135_I102840.nii'),('I106467','AD','F',90,'../data/ADNI_data/ADNI1_Annual_2_Yr_3T/images\\027_S_0404\\MPR__GradWarp__B1_Correction__N3__Scaled\\2008-05-12_13_30_19.0\\S49987\\ADNI_027_S_0404_MR_MPR__GradWarp__B1_Correction__N3__Scaled_Br_20080522115340039_S49987_I106467.nii'),('I118851','MCI','M',72,'../data/ADNI_data/ADNI1_Annual_2_Yr_3T/images\\023_S_0376\\MPR__GradWarp__B1_Correction__N3__Scaled_2\\2007-03-20_09_11_10.0\\S28518\\ADNI_023_S_0376_MR_MPR__GradWarp__B1_Correction__N3__Scaled_2_Br_20081001152231786_S28518_I118851.nii'),('I118924','AD','F',73,'../data/ADNI_data/ADNI1_Annual_2_Yr_3T/images\\023_S_1262\\MPR-R__GradWarp__B1_Correction__N3__Scaled_2\\2007-02-28_09_22_42.0\\S27243\\ADNI_023_S_1262_MR_MPR-R__GradWarp__B1_Correction__N3__Scaled_2_Br_20081001160446675_S27243_I118924.nii'),('I120479','CN','M',73,'../data/ADNI_data/ADNI1_Annual_2_Yr_3T/images\\032_S_0677\\MPR__GradWarp__B1_Correction__N3__Scaled\\2008-08-25_11_20_04.0\\S55812\\ADNI_032_S_0677_MR_MPR__GradWarp__B1_Correction__N3__Scaled_Br_20081013190308953_S55812_I120479.nii'),('I120562','CN','F',78,'../data/ADNI_data/ADNI1_Annual_2_Yr_3T/images\\126_S_0605\\MPR__GradWarp__B1_Correction__N3__Scaled\\2008-06-30_10_22_59.0\\S52648\\ADNI_126_S_0605_MR_MPR__GradWarp__B1_Correction__N3__Scaled_Br_20081014091433142_S52648_I120562.nii'),('I120580','CN','F',77,'../data/ADNI_data/ADNI1_Annual_2_Yr_3T/images\\127_S_0622\\MPR__GradWarp__B1_Correction__N3__Scaled\\2008-06-25_13_20_13.0\\S52556\\ADNI_127_S_0622_MR_MPR__GradWarp__B1_Correction__N3__Scaled_Br_20081014094659131_S52556_I120580.nii'),('I132359','AD','F',72,'../data/ADNI_data/ADNI1_Annual_2_Yr_3T/images\\027_S_1082\\MPR__GradWarp__B1_Correction__N3__Scaled\\2008-12-08_10_08_57.0\\S60605\\ADNI_027_S_1082_MR_MPR__GradWarp__B1_Correction__N3__Scaled_Br_20081229143349004_S60605_I132359.nii'),('I132451','CN','M',72,'../data/ADNI_data/ADNI1_Annual_2_Yr_3T/images\\130_S_0969\\MPR____N3__Scaled\\2008-11-19_08_55_47.0\\S60744\\ADNI_130_S_0969_MR_MPR____N3__Scaled_Br_20081230155100896_S60744_I132451.nii'),('I134210','AD','M',66,'../data/ADNI_data/ADNI1_Annual_2_Yr_3T/images\\012_S_0689\\MPR____N3__Scaled\\2008-07-23_14_23_11.0\\S54149\\ADNI_012_S_0689_MR_MPR____N3__Scaled_Br_20090121121206940_S54149_I134210.nii'),('I136188','CN','F',73,'../data/ADNI_data/ADNI1_Annual_2_Yr_3T/images\\002_S_1261\\MPR____N3__Scaled\\2009-02-05_12_33_22.0\\S62730\\ADNI_002_S_1261_MR_MPR____N3__Scaled_Br_20090217145555090_S62730_I136188.nii'),('I143685','AD','F',75,'../data/ADNI_data/ADNI1_Annual_2_Yr_3T/images\\023_S_1262\\MPR__GradWarp__B1_Correction__N3__Scaled\\2009-03-13_09_40_10.0\\S64543\\ADNI_023_S_1262_MR_MPR__GradWarp__B1_Correction__N3__Scaled_Br_20090512153916694_S64543_I143685.nii'),('I143856','MCI','F',67,'../data/ADNI_data/ADNI1_Annual_2_Yr_3T/images\\136_S_1227\\MPR____N3__Scaled\\2009-03-23_11_59_29.0\\S64957\\ADNI_136_S_1227_MR_MPR____N3__Scaled_Br_20090514132202278_S64957_I143856.nii'),('I31392','MCI','M',71,'../data/ADNI_data/ADNI1_Annual_2_Yr_3T/images\\023_S_0376\\MPR__GradWarp__B1_Correction__N3__Scaled\\2006-04-28_12_55_22.0\\S13786\\ADNI_023_S_0376_MR_MPR__GradWarp__B1_Correction__N3__Scaled_Br_20061201170258692_S13786_I31392.nii'),('I31540','AD','M',80,'../data/ADNI_data/ADNI1_Annual_2_Yr_3T/images\\023_S_0916\\MPR__GradWarp__B1_Correction__N3__Scaled\\2006-09-29_13_26_46.0\\S19523\\ADNI_023_S_0916_MR_MPR__GradWarp__B1_Correction__N3__Scaled_Br_20061203143925761_S19523_I31540.nii'),('I47757','MCI','M',86,'../data/ADNI_data/ADNI1_Annual_2_Yr_3T/images\\027_S_1387\\MPR__GradWarp__B1_Correction__N3__Scaled\\2007-03-19_10_04_01.0\\S28276\\ADNI_027_S_1387_MR_MPR__GradWarp__B1_Correction__N3__Scaled_Br_20070402182606620_S28276_I47757.nii'),('I53836','CN','F',72,'../data/ADNI_data/ADNI1_Annual_2_Yr_3T/images\\116_S_1232\\MPR-R__GradWarp__B1_Correction__N3__Scaled\\2007-02-23_11_32_38.0\\S27150\\ADNI_116_S_1232_MR_MPR-R__GradWarp__B1_Correction__N3__Scaled_Br_20070508160617696_S27150_I53836.nii'),('I59174','AD','M',64,'../data/ADNI_data/ADNI1_Annual_2_Yr_3T/images\\012_S_0689\\MPR-R____N3__Scaled\\2006-07-19_15_39_21.0\\S16978\\ADNI_012_S_0689_MR_MPR-R____N3__Scaled_Br_20070711164229152_S16978_I59174.nii'),('I64116','CN','M',84,'../data/ADNI_data/ADNI1_Annual_2_Yr_3T/images\\037_S_0303\\MPR__GradWarp__B1_Correction__N3__Scaled\\2006-05-03_11_41_39.0\\S13916\\ADNI_037_S_0303_MR_MPR__GradWarp__B1_Correction__N3__Scaled_Br_20070802181222889_S13916_I64116.nii'),('I65268','MCI','M',83,'../data/ADNI_data/ADNI1_Annual_2_Yr_3T/images\\002_S_1268\\MPR-R____N3__Scaled\\2007-03-07_07_58_51.0\\S27680\\ADNI_002_S_1268_MR_MPR-R____N3__Scaled_Br_20070806174712233_S27680_I65268.nii'),('I65952','CN','M',87,'../data/ADNI_data/ADNI1_Annual_2_Yr_3T/images\\018_S_0425\\MPR____N3__Scaled\\2007-06-15_09_21_13.0\\S33626\\ADNI_018_S_0425_MR_MPR____N3__Scaled_Br_20070808163439425_S33626_I65952.nii'),('I82205','CN','M',74,'../data/ADNI_data/ADNI1_Annual_2_Yr_3T/images\\023_S_0963\\MPR__GradWarp__B1_Correction__N3__Scaled\\2007-10-11_12_48_36.0\\S41289\\ADNI_023_S_0963_MR_MPR__GradWarp__B1_Correction__N3__Scaled_Br_20071115093426943_S41289_I82205.nii'),('I82686','MCI','F',68,'../data/ADNI_data/ADNI1_Annual_2_Yr_3T/images\\130_S_0449\\MPR____N3__Scaled\\2007-08-27_10_30_19.0\\S38619\\ADNI_130_S_0449_MR_MPR____N3__Scaled_Br_20071119102143821_S38619_I82686.nii'),('I83389','CN','F',80,'../data/ADNI_data/ADNI1_Annual_2_Yr_3T/images\\023_S_0031\\MPR__GradWarp__B1_Correction__N3__Scaled\\2007-11-14_10_27_09.0\\S42753\\ADNI_023_S_0031_MR_MPR__GradWarp__B1_Correction__N3__Scaled_Br_20071127114844832_S42753_I83389.nii'),('I86318','MCI','F',69,'../data/ADNI_data/ADNI1_Annual_2_Yr_3T/images\\016_S_1117\\MPR__GradWarp__B1_Correction__N3__Scaled\\2007-01-08_15_16_16.0\\S25222\\ADNI_016_S_1117_MR_MPR__GradWarp__B1_Correction__N3__Scaled_Br_20071229174509877_S25222_I86318.nii'),('I86327','MCI','F',56,'../data/ADNI_data/ADNI1_Annual_2_Yr_3T/images\\016_S_1121\\MPR__GradWarp__B1_Correction__N3__Scaled\\2007-01-11_14_42_07.0\\S25229\\ADNI_016_S_1121_MR_MPR__GradWarp__B1_Correction__N3__Scaled_Br_20071229175133442_S25229_I86327.nii'),('I89123','MCI','F',78,'../data/ADNI_data/ADNI1_Annual_2_Yr_3T/images\\067_S_0607\\MPR__GradWarp__B1_Correction__N3__Scaled\\2006-08-18_10_24_25.0\\S18034\\ADNI_067_S_0607_MR_MPR__GradWarp__B1_Correction__N3__Scaled_Br_20080131140433901_S18034_I89123.nii'),('I90989','CN','F',72,'../data/ADNI_data/ADNI1_Annual_2_Yr_3T/images\\032_S_1169\\MPR-R__GradWarp__B1_Correction__N3__Scaled\\2007-01-24_09_27_14.0\\S25563\\ADNI_032_S_1169_MR_MPR-R__GradWarp__B1_Correction__N3__Scaled_Br_20080220112005945_S25563_I90989.nii'),('I94476','CN','F',73,'../data/ADNI_data/ADNI1_Annual_2_Yr_3T/images\\032_S_1169\\MPR__GradWarp__B1_Correction__N3__Scaled\\2008-01-17_12_55_45.0\\S44666\\ADNI_032_S_1169_MR_MPR__GradWarp__B1_Correction__N3__Scaled_Br_20080229162032629_S44666_I94476.nii'),('I99265','MCI','F',66,'../data/ADNI_data/ADNI1_Annual_2_Yr_3T/images\\136_S_1227\\MPR____N3__Scaled\\2008-03-06_13_28_48.0\\S46753\\ADNI_136_S_1227_MR_MPR____N3__Scaled_Br_20080321160112071_S46753_I99265.nii');
/*!40000 ALTER TABLE `Patient_data_test` ENABLE KEYS */;
UNLOCK TABLES;

--
-- Table structure for table `Patient_data_train`
--

DROP TABLE IF EXISTS `Patient_data_train`;
/*!40101 SET @saved_cs_client     = @@character_set_client */;
/*!50503 SET character_set_client = utf8mb4 */;
CREATE TABLE `Patient_data_train` (
  `Image_data_id` varchar(50) NOT NULL,
  `Group` varchar(25) NOT NULL,
  `Sex` enum('F','M') NOT NULL,
  `Age` int NOT NULL,
  `Image_path` varchar(255) NOT NULL,
  PRIMARY KEY (`Image_data_id`)
) ENGINE=InnoDB DEFAULT CHARSET=utf8mb4 COLLATE=utf8mb4_0900_ai_ci;
/*!40101 SET character_set_client = @saved_cs_client */;

--
-- Dumping data for table `Patient_data_train`
--

LOCK TABLES `Patient_data_train` WRITE;
/*!40000 ALTER TABLE `Patient_data_train` DISABLE KEYS */;
INSERT INTO `Patient_data_train` VALUES ('I101432','MCI','M',72,'../data/ADNI_data/ADNI1_Annual_2_Yr_3T/images\\023_S_0388\\MPR__GradWarp__B1_Correction__N3__Scaled\\2007-04-17_09_15_14.0\\S29861\\ADNI_023_S_0388_MR_MPR__GradWarp__B1_Correction__N3__Scaled_Br_20080408125115592_S29861_I101432.nii'),('I101541','AD','F',71,'../data/ADNI_data/ADNI1_Annual_2_Yr_3T/images\\027_S_1385\\MPR__GradWarp__B1_Correction__N3__Scaled\\2008-03-26_11_11_24.0\\S47505\\ADNI_027_S_1385_MR_MPR__GradWarp__B1_Correction__N3__Scaled_Br_20080408152926155_S47505_I101541.nii'),('I101566','MCI','M',87,'../data/ADNI_data/ADNI1_Annual_2_Yr_3T/images\\027_S_1387\\MPR__GradWarp__B1_Correction__N3__Scaled\\2008-03-13_13_37_38.0\\S47010\\ADNI_027_S_1387_MR_MPR__GradWarp__B1_Correction__N3__Scaled_Br_20080408153947927_S47010_I101566.nii'),('I102675','MCI','M',67,'../data/ADNI_data/ADNI1_Annual_2_Yr_3T/images\\016_S_1326\\MPR__GradWarp__B1_Correction__N3__Scaled\\2008-03-31_15_29_49.0\\S47894\\ADNI_016_S_1326_MR_MPR__GradWarp__B1_Correction__N3__Scaled_Br_20080415141644961_S47894_I102675.nii'),('I103276','AD','F',74,'../data/ADNI_data/ADNI1_Annual_2_Yr_3T/images\\023_S_1262\\MPR__GradWarp__B1_Correction__N3__Scaled\\2008-04-02_09_57_36.0\\S47824\\ADNI_023_S_1262_MR_MPR__GradWarp__B1_Correction__N3__Scaled_Br_20080421163348281_S47824_I103276.nii'),('I103654','MCI','M',73,'../data/ADNI_data/ADNI1_Annual_2_Yr_3T/images\\023_S_0376\\MPR__GradWarp__B1_Correction__N3__Scaled\\2008-04-15_13_15_34.0\\S48752\\ADNI_023_S_0376_MR_MPR__GradWarp__B1_Correction__N3__Scaled_Br_20080423171440892_S48752_I103654.nii'),('I103663','MCI','M',73,'../data/ADNI_data/ADNI1_Annual_2_Yr_3T/images\\023_S_0388\\MPR__GradWarp__B1_Correction__N3__Scaled\\2008-04-16_11_54_16.0\\S48815\\ADNI_023_S_0388_MR_MPR__GradWarp__B1_Correction__N3__Scaled_Br_20080423172140565_S48815_I103663.nii'),('I103681','MCI','M',81,'../data/ADNI_data/ADNI1_Annual_2_Yr_3T/images\\027_S_0307\\MPR__GradWarp__B1_Correction__N3__Scaled\\2008-04-16_15_37_20.0\\S48827\\ADNI_027_S_0307_MR_MPR__GradWarp__B1_Correction__N3__Scaled_Br_20080423173553799_S48827_I103681.nii'),('I104471','CN','F',72,'../data/ADNI_data/ADNI1_Annual_2_Yr_3T/images\\002_S_1280\\MPR____N3__Scaled\\2008-03-25_12_00_36.0\\S47415\\ADNI_002_S_1280_MR_MPR____N3__Scaled_Br_20080501162136568_S47415_I104471.nii'),('I105848','MCI','F',77,'../data/ADNI_data/ADNI1_Annual_2_Yr_3T/images\\005_S_0324\\MPR__GradWarp__B1_Correction__N3__Scaled\\2008-05-05_11_49_36.0\\S49675\\ADNI_005_S_0324_MR_MPR__GradWarp__B1_Correction__N3__Scaled_Br_20080515162924502_S49675_I105848.nii'),('I105888','CN','M',78,'../data/ADNI_data/ADNI1_Annual_2_Yr_3T/images\\027_S_0403\\MPR__GradWarp__B1_Correction__N3__Scaled\\2008-05-12_10_10_59.0\\S49902\\ADNI_027_S_0403_MR_MPR__GradWarp__B1_Correction__N3__Scaled_Br_20080516100109644_S49902_I105888.nii'),('I105924','CN','M',86,'../data/ADNI_data/ADNI1_Annual_2_Yr_3T/images\\037_S_0303\\MPR__GradWarp__B1_Correction__N3__Scaled\\2008-05-06_10_35_27.0\\S49752\\ADNI_037_S_0303_MR_MPR__GradWarp__B1_Correction__N3__Scaled_Br_20080516103228596_S49752_I105924.nii'),('I106524','MCI','M',81,'../data/ADNI_data/ADNI1_Annual_2_Yr_3T/images\\100_S_0190\\MPR____N3__Scaled\\2008-05-12_10_25_23.0\\S50085\\ADNI_100_S_0190_MR_MPR____N3__Scaled_Br_20080522134332520_S50085_I106524.nii'),('I106542','CN','F',81,'../data/ADNI_data/ADNI1_Annual_2_Yr_3T/images\\127_S_0260\\MPR__GradWarp__B1_Correction__N3__Scaled\\2008-05-13_12_28_42.0\\S50016\\ADNI_127_S_0260_MR_MPR__GradWarp__B1_Correction__N3__Scaled_Br_20080522163149690_S50016_I106542.nii'),('I107779','CN','M',78,'../data/ADNI_data/ADNI1_Annual_2_Yr_3T/images\\018_S_0369\\MPR____N3__Scaled\\2008-05-13_09_29_25.0\\S50063\\ADNI_018_S_0369_MR_MPR____N3__Scaled_Br_20080529143553941_S50063_I107779.nii'),('I108422','MCI','M',84,'../data/ADNI_data/ADNI1_Annual_2_Yr_3T/images\\002_S_1268\\MPR____N3__Scaled\\2008-05-22_16_21_48.0\\S50532\\ADNI_002_S_1268_MR_MPR____N3__Scaled_Br_20080604160614224_S50532_I108422.nii'),('I109187','MCI','M',77,'../data/ADNI_data/ADNI1_Annual_2_Yr_3T/images\\067_S_0290\\MPR__GradWarp__B1_Correction__N3__Scaled\\2008-06-02_11_18_06.0\\S50875\\ADNI_067_S_0290_MR_MPR__GradWarp__B1_Correction__N3__Scaled_Br_20080611160129027_S50875_I109187.nii'),('I109196','MCI','M',88,'../data/ADNI_data/ADNI1_Annual_2_Yr_3T/images\\005_S_0448\\MPR__GradWarp__B1_Correction__N3__Scaled\\2008-06-03_13_42_08.0\\S50957\\ADNI_005_S_0448_MR_MPR__GradWarp__B1_Correction__N3__Scaled_Br_20080611160931996_S50957_I109196.nii'),('I109893','AD','M',79,'../data/ADNI_data/ADNI1_Annual_2_Yr_3T/images\\116_S_0487\\MPR__GradWarp__B1_Correction__N3__Scaled\\2008-06-06_10_57_28.0\\S51211\\ADNI_116_S_0487_MR_MPR__GradWarp__B1_Correction__N3__Scaled_Br_20080617165712709_S51211_I109893.nii'),('I111192','MCI','M',71,'../data/ADNI_data/ADNI1_Annual_2_Yr_3T/images\\018_S_0450\\MPR____N3__Scaled\\2008-06-09_10_20_04.0\\S51236\\ADNI_018_S_0450_MR_MPR____N3__Scaled_Br_20080626135034172_S51236_I111192.nii'),('I118668','MCI','F',65,'../data/ADNI_data/ADNI1_Annual_2_Yr_3T/images\\002_S_0729\\MPR____N3__Scaled_2\\2006-08-02_07_02_00.0\\S17535\\ADNI_002_S_0729_MR_MPR____N3__Scaled_2_Br_20081001114302922_S17535_I118668.nii'),('I118675','CN','F',76,'../data/ADNI_data/ADNI1_Annual_2_Yr_3T/images\\002_S_0413\\MPR____N3__Scaled_2\\2006-05-19_16_17_47.0\\S14782\\ADNI_002_S_0413_MR_MPR____N3__Scaled_2_Br_20081001114937668_S14782_I118675.nii'),('I118679','CN','M',79,'../data/ADNI_data/ADNI1_Annual_2_Yr_3T/images\\002_S_0559\\MPR____N3__Scaled_2\\2006-06-27_18_28_33.0\\S15922\\ADNI_002_S_0559_MR_MPR____N3__Scaled_2_Br_20081001115336170_S15922_I118679.nii'),('I118773','CN','M',76,'../data/ADNI_data/ADNI1_Annual_2_Yr_3T/images\\018_S_0369\\MPR____N3__Scaled_2\\2006-05-11_16_19_12.0\\S14343\\ADNI_018_S_0369_MR_MPR____N3__Scaled_2_Br_20081001133930148_S14343_I118773.nii'),('I118790','MCI','F',80,'../data/ADNI_data/ADNI1_Annual_2_Yr_3T/images\\023_S_0030\\MPR__GradWarp__B1_Correction__N3__Scaled_2\\2005-10-26_09_01_07.0\\S8908\\ADNI_023_S_0030_MR_MPR__GradWarp__B1_Correction__N3__Scaled_2_Br_20081001135554720_S8908_I118790.nii'),('I118837','CN','M',70,'../data/ADNI_data/ADNI1_Annual_2_Yr_3T/images\\023_S_0058\\MPR__GradWarp__B1_Correction__N3__Scaled_2\\2005-12-12_12_29_36.0\\S10498\\ADNI_023_S_0058_MR_MPR__GradWarp__B1_Correction__N3__Scaled_2_Br_20081001151149388_S10498_I118837.nii'),('I118846','CN','F',79,'../data/ADNI_data/ADNI1_Annual_2_Yr_3T/images\\023_S_0031\\MPR-R__GradWarp__B1_Correction__N3__Scaled_2\\2006-10-30_12_38_28.0\\S21475\\ADNI_023_S_0031_MR_MPR-R__GradWarp__B1_Correction__N3__Scaled_2_Br_20081001151855574_S21475_I118846.nii'),('I118848','CN','F',78,'../data/ADNI_data/ADNI1_Annual_2_Yr_3T/images\\023_S_0031\\MPR-R__GradWarp__B1_Correction__N3__Scaled_2\\2005-10-28_12_35_33.0\\S10009\\ADNI_023_S_0031_MR_MPR-R__GradWarp__B1_Correction__N3__Scaled_2_Br_20081001152020822_S10009_I118848.nii'),('I118852','CN','M',71,'../data/ADNI_data/ADNI1_Annual_2_Yr_3T/images\\023_S_0058\\MPR__GradWarp__B1_Correction__N3__Scaled_2\\2006-12-19_11_25_13.0\\S24251\\ADNI_023_S_0058_MR_MPR__GradWarp__B1_Correction__N3__Scaled_2_Br_20081001152327374_S24251_I118852.nii'),('I118854','CN','F',77,'../data/ADNI_data/ADNI1_Annual_2_Yr_3T/images\\023_S_0061\\MPR__GradWarp__B1_Correction__N3__Scaled_2\\2005-12-20_15_54_41.0\\S10633\\ADNI_023_S_0061_MR_MPR__GradWarp__B1_Correction__N3__Scaled_2_Br_20081001152459303_S10633_I118854.nii'),('I118856','MCI','M',71,'../data/ADNI_data/ADNI1_Annual_2_Yr_3T/images\\023_S_0388\\MPR__GradWarp__B1_Correction__N3__Scaled_2\\2006-05-04_15_27_08.0\\S14001\\ADNI_023_S_0388_MR_MPR__GradWarp__B1_Correction__N3__Scaled_2_Br_20081001152646586_S14001_I118856.nii'),('I118858','CN','F',78,'../data/ADNI_data/ADNI1_Annual_2_Yr_3T/images\\023_S_0061\\MPR__GradWarp__B1_Correction__N3__Scaled_2\\2006-12-06_10_28_05.0\\S23481\\ADNI_023_S_0061_MR_MPR__GradWarp__B1_Correction__N3__Scaled_2_Br_20081001152820870_S23481_I118858.nii'),('I118871','MCI','M',72,'../data/ADNI_data/ADNI1_Annual_2_Yr_3T/images\\023_S_0388\\MPR__GradWarp__B1_Correction__N3__Scaled_2\\2007-04-17_09_15_14.0\\S29861\\ADNI_023_S_0388_MR_MPR__GradWarp__B1_Correction__N3__Scaled_2_Br_20081001153723387_S29861_I118871.nii'),('I118880','AD','M',80,'../data/ADNI_data/ADNI1_Annual_2_Yr_3T/images\\023_S_0916\\MPR__GradWarp__B1_Correction__N3__Scaled_2\\2006-09-29_13_26_46.0\\S19523\\ADNI_023_S_0916_MR_MPR__GradWarp__B1_Correction__N3__Scaled_2_Br_20081001154332202_S19523_I118880.nii'),('I118882','MCI','M',71,'../data/ADNI_data/ADNI1_Annual_2_Yr_3T/images\\023_S_0376\\MPR__GradWarp__B1_Correction__N3__Scaled_2\\2006-04-28_12_55_22.0\\S13786\\ADNI_023_S_0376_MR_MPR__GradWarp__B1_Correction__N3__Scaled_2_Br_20081001154518431_S13786_I118882.nii'),('I118904','CN','M',73,'../data/ADNI_data/ADNI1_Annual_2_Yr_3T/images\\023_S_0963\\MPR-R__GradWarp__B1_Correction__N3__Scaled_2\\2006-10-17_11_37_41.0\\S20204\\ADNI_023_S_0963_MR_MPR-R__GradWarp__B1_Correction__N3__Scaled_2_Br_20081001154938503_S20204_I118904.nii'),('I118908','MCI','M',72,'../data/ADNI_data/ADNI1_Annual_2_Yr_3T/images\\023_S_1046\\MPR__GradWarp__B1_Correction__N3__Scaled_2\\2006-11-15_14_35_52.0\\S22606\\ADNI_023_S_1046_MR_MPR__GradWarp__B1_Correction__N3__Scaled_2_Br_20081001155242429_S22606_I118908.nii'),('I118916','MCI','M',81,'../data/ADNI_data/ADNI1_Annual_2_Yr_3T/images\\023_S_1126\\MPR-R__GradWarp__B1_Correction__N3__Scaled_2\\2006-12-13_10_50_44.0\\S23968\\ADNI_023_S_1126_MR_MPR-R__GradWarp__B1_Correction__N3__Scaled_2_Br_20081001155848221_S23968_I118916.nii'),('I118920','CN','F',77,'../data/ADNI_data/ADNI1_Annual_2_Yr_3T/images\\023_S_1190\\MPR__GradWarp__B1_Correction__N3__Scaled_2\\2007-01-17_09_13_56.0\\S25153\\ADNI_023_S_1190_MR_MPR__GradWarp__B1_Correction__N3__Scaled_2_Br_20081001160151605_S25153_I118920.nii'),('I118922','MCI','F',73,'../data/ADNI_data/ADNI1_Annual_2_Yr_3T/images\\023_S_1247\\MPR__GradWarp__B1_Correction__N3__Scaled_2\\2007-02-21_14_10_43.0\\S26861\\ADNI_023_S_1247_MR_MPR__GradWarp__B1_Correction__N3__Scaled_2_Br_20081001160319643_S26861_I118922.nii'),('I119001','MCI','F',66,'../data/ADNI_data/ADNI1_Annual_2_Yr_3T/images\\023_S_0331\\MPR__GradWarp__B1_Correction__N3__Scaled_2\\2007-03-19_14_36_19.0\\S28331\\ADNI_023_S_0331_MR_MPR__GradWarp__B1_Correction__N3__Scaled_2_Br_20081002104031663_S28331_I119001.nii'),('I119006','MCI','M',88,'../data/ADNI_data/ADNI1_Annual_2_Yr_3T/images\\023_S_0604\\MPR-R__GradWarp__B1_Correction__N3__Scaled_2\\2007-06-11_13_33_28.0\\S33372\\ADNI_023_S_0604_MR_MPR-R__GradWarp__B1_Correction__N3__Scaled_2_Br_20081002104356385_S33372_I119006.nii'),('I119018','MCI','F',65,'../data/ADNI_data/ADNI1_Annual_2_Yr_3T/images\\023_S_0331\\MPR__GradWarp__B1_Correction__N3__Scaled_2\\2006-04-12_12_35_42.0\\S13168\\ADNI_023_S_0331_MR_MPR__GradWarp__B1_Correction__N3__Scaled_2_Br_20081002113615467_S13168_I119018.nii'),('I119026','MCI','M',87,'../data/ADNI_data/ADNI1_Annual_2_Yr_3T/images\\023_S_0604\\MPR-R__GradWarp__B1_Correction__N3__Scaled_2\\2006-06-20_09_34_04.0\\S15677\\ADNI_023_S_0604_MR_MPR-R__GradWarp__B1_Correction__N3__Scaled_2_Br_20081002113933605_S15677_I119026.nii'),('I119032','MCI','M',76,'../data/ADNI_data/ADNI1_Annual_2_Yr_3T/images\\023_S_0625\\MPR__GradWarp__B1_Correction__N3__Scaled_2\\2006-07-12_14_23_13.0\\S16766\\ADNI_023_S_0625_MR_MPR__GradWarp__B1_Correction__N3__Scaled_2_Br_20081002114733225_S16766_I119032.nii'),('I119146','MCI','F',55,'../data/ADNI_data/ADNI1_Annual_2_Yr_3T/images\\053_S_0507\\MPR____N3__Scaled_2\\2006-06-06_09_19_06.0\\S15256\\ADNI_053_S_0507_MR_MPR____N3__Scaled_2_Br_20081003140851627_S15256_I119146.nii'),('I119158','MCI','F',56,'../data/ADNI_data/ADNI1_Annual_2_Yr_3T/images\\053_S_0507\\MPR____N3__Scaled_2\\2007-06-11_11_19_48.0\\S33392\\ADNI_053_S_0507_MR_MPR____N3__Scaled_2_Br_20081003141216462_S33392_I119158.nii'),('I119201','MCI','M',75,'../data/ADNI_data/ADNI1_Annual_2_Yr_3T/images\\067_S_0290\\MPR-R__GradWarp__B1_Correction__N3__Scaled_2\\2006-06-01_09_36_34.0\\S15130\\ADNI_067_S_0290_MR_MPR-R__GradWarp__B1_Correction__N3__Scaled_2_Br_20081003160743044_S15130_I119201.nii'),('I119204','MCI','F',78,'../data/ADNI_data/ADNI1_Annual_2_Yr_3T/images\\067_S_0607\\MPR__GradWarp__B1_Correction__N3__Scaled_2\\2006-08-18_10_24_25.0\\S18034\\ADNI_067_S_0607_MR_MPR__GradWarp__B1_Correction__N3__Scaled_2_Br_20081003160955509_S18034_I119204.nii'),('I119685','CN','F',80,'../data/ADNI_data/ADNI1_Annual_2_Yr_3T/images\\136_S_0086\\MPR____N3__Scaled_2\\2006-05-08_10_55_23.0\\S14069\\ADNI_136_S_0086_MR_MPR____N3__Scaled_2_Br_20081008132340839_S14069_I119685.nii'),('I119712','CN','F',78,'../data/ADNI_data/ADNI1_Annual_2_Yr_3T/images\\136_S_0184\\MPR____N3__Scaled_2\\2006-03-27_12_32_31.0\\S12474\\ADNI_136_S_0184_MR_MPR____N3__Scaled_2_Br_20081008132712063_S12474_I119712.nii'),('I119721','MCI','M',80,'../data/ADNI_data/ADNI1_Annual_2_Yr_3T/images\\136_S_0195\\MPR____N3__Scaled_2\\2006-04-04_10_54_57.0\\S12748\\ADNI_136_S_0195_MR_MPR____N3__Scaled_2_Br_20081008133516751_S12748_I119721.nii'),('I119725','CN','F',78,'../data/ADNI_data/ADNI1_Annual_2_Yr_3T/images\\136_S_0196\\MPR____N3__Scaled_2\\2006-05-01_11_18_56.0\\S13831\\ADNI_136_S_0196_MR_MPR____N3__Scaled_2_Br_20081008133847111_S13831_I119725.nii'),('I119729','AD','M',57,'../data/ADNI_data/ADNI1_Annual_2_Yr_3T/images\\136_S_0300\\MPR-R____N3__Scaled_2\\2006-06-07_09_09_23.0\\S15349\\ADNI_136_S_0300_MR_MPR-R____N3__Scaled_2_Br_20081008134231030_S15349_I119729.nii'),('I119731','AD','M',80,'../data/ADNI_data/ADNI1_Annual_2_Yr_3T/images\\136_S_0426\\MPR____N3__Scaled_2\\2006-05-30_10_46_09.0\\S15017\\ADNI_136_S_0426_MR_MPR____N3__Scaled_2_Br_20081008134424912_S15017_I119731.nii'),('I119733','MCI','M',63,'../data/ADNI_data/ADNI1_Annual_2_Yr_3T/images\\136_S_0429\\MPR____N3__Scaled_2\\2006-06-27_10_25_33.0\\S15882\\ADNI_136_S_0429_MR_MPR____N3__Scaled_2_Br_20081008134614922_S15882_I119733.nii'),('I119735','MCI','F',66,'../data/ADNI_data/ADNI1_Annual_2_Yr_3T/images\\136_S_0579\\MPR-R____N3__Scaled_2\\2006-07-10_11_45_57.0\\S16545\\ADNI_136_S_0579_MR_MPR-R____N3__Scaled_2_Br_20081008134806053_S16545_I119735.nii'),('I120256','MCI','M',75,'../data/ADNI_data/ADNI1_Annual_2_Yr_3T/images\\027_S_0835\\MPR__GradWarp__B1_Correction__N3__Scaled\\2008-09-23_11_16_14.0\\S56621\\ADNI_027_S_0835_MR_MPR__GradWarp__B1_Correction__N3__Scaled_Br_20081013121735482_S56621_I120256.nii'),('I120403','CN','M',88,'../data/ADNI_data/ADNI1_Annual_2_Yr_3T/images\\018_S_0425\\MPR____N3__Scaled\\2008-06-06_10_20_46.0\\S51225\\ADNI_018_S_0425_MR_MPR____N3__Scaled_Br_20081013160851310_S51225_I120403.nii'),('I120416','CN','F',82,'../data/ADNI_data/ADNI1_Annual_2_Yr_3T/images\\136_S_0086\\MPR____N3__Scaled\\2008-05-05_13_17_02.0\\S49691\\ADNI_136_S_0086_MR_MPR____N3__Scaled_Br_20081013161936541_S49691_I120416.nii'),('I120423','MCI','M',82,'../data/ADNI_data/ADNI1_Annual_2_Yr_3T/images\\136_S_0195\\MPR-R____N3__Scaled\\2008-03-25_10_06_35.0\\S47389\\ADNI_136_S_0195_MR_MPR-R____N3__Scaled_Br_20081013162450631_S47389_I120423.nii'),('I120426','CN','F',80,'../data/ADNI_data/ADNI1_Annual_2_Yr_3T/images\\136_S_0196\\MPR____N3__Scaled\\2008-04-28_11_31_08.0\\S49419\\ADNI_136_S_0196_MR_MPR____N3__Scaled_Br_20081013162716317_S49419_I120426.nii'),('I120436','AD','M',59,'../data/ADNI_data/ADNI1_Annual_2_Yr_3T/images\\136_S_0300\\MPR____N3__Scaled\\2008-05-19_11_32_35.0\\S50330\\ADNI_136_S_0300_MR_MPR____N3__Scaled_Br_20081013164320616_S50330_I120436.nii'),('I120441','AD','M',82,'../data/ADNI_data/ADNI1_Annual_2_Yr_3T/images\\136_S_0426\\MPR____N3__Scaled\\2008-06-03_11_33_32.0\\S51029\\ADNI_136_S_0426_MR_MPR____N3__Scaled_Br_20081013164839346_S51029_I120441.nii'),('I120446','MCI','M',65,'../data/ADNI_data/ADNI1_Annual_2_Yr_3T/images\\136_S_0429\\MPR____N3__Scaled\\2008-06-17_11_18_23.0\\S51722\\ADNI_136_S_0429_MR_MPR____N3__Scaled_Br_20081013165355471_S51722_I120446.nii'),('I120451','MCI','M',78,'../data/ADNI_data/ADNI1_Annual_2_Yr_3T/images\\023_S_0625\\MPR__GradWarp__B1_Correction__N3__Scaled\\2008-08-01_12_57_55.0\\S54691\\ADNI_023_S_0625_MR_MPR__GradWarp__B1_Correction__N3__Scaled_Br_20081013171011562_S54691_I120451.nii'),('I120460','MCI','M',81,'../data/ADNI_data/ADNI1_Annual_2_Yr_3T/images\\005_S_0572\\MPR__GradWarp__B1_Correction__N3__Scaled\\2008-08-05_08_38_27.0\\S54808\\ADNI_005_S_0572_MR_MPR__GradWarp__B1_Correction__N3__Scaled_Br_20081013184405559_S54808_I120460.nii'),('I120469','AD','F',86,'../data/ADNI_data/ADNI1_Annual_2_Yr_3T/images\\018_S_0335\\MPR____N3__Scaled\\2008-06-24_09_20_48.0\\S52049\\ADNI_018_S_0335_MR_MPR____N3__Scaled_Br_20081013185417194_S52049_I120469.nii'),('I120476','AD','M',85,'../data/ADNI_data/ADNI1_Annual_2_Yr_3T/images\\018_S_0633\\MPR____N3__Scaled\\2008-07-28_10_16_23.0\\S54179\\ADNI_018_S_0633_MR_MPR____N3__Scaled_Br_20081013190034535_S54179_I120476.nii'),('I120521','MCI','M',80,'../data/ADNI_data/ADNI1_Annual_2_Yr_3T/images\\037_S_0501\\MPR-R__GradWarp__B1_Correction__N3__Scaled\\2008-06-25_13_36_09.0\\S53117\\ADNI_037_S_0501_MR_MPR-R__GradWarp__B1_Correction__N3__Scaled_Br_20081014083840028_S53117_I120521.nii'),('I120544','MCI','F',78,'../data/ADNI_data/ADNI1_Annual_2_Yr_3T/images\\051_S_1331\\MPR__GradWarp__B1_Correction__N3__Scaled\\2008-07-07_15_32_12.0\\S53103\\ADNI_051_S_1331_MR_MPR__GradWarp__B1_Correction__N3__Scaled_Br_20081014085902488_S53103_I120544.nii'),('I120553','MCI','M',89,'../data/ADNI_data/ADNI1_Annual_2_Yr_3T/images\\116_S_0649\\MPR__GradWarp__B1_Correction__N3__Scaled\\2008-07-30_11_05_36.0\\S54521\\ADNI_116_S_0649_MR_MPR__GradWarp__B1_Correction__N3__Scaled_Br_20081014090641573_S54521_I120553.nii'),('I120575','AD','F',71,'../data/ADNI_data/ADNI1_Annual_2_Yr_3T/images\\126_S_0606\\MPR-R__GradWarp__B1_Correction__N3__Scaled\\2008-07-31_10_08_06.0\\S54553\\ADNI_126_S_0606_MR_MPR-R__GradWarp__B1_Correction__N3__Scaled_Br_20081014092638554_S54553_I120575.nii'),('I120606','MCI','F',69,'../data/ADNI_data/ADNI1_Annual_2_Yr_3T/images\\130_S_0449\\MPR____N3__Scaled\\2008-08-11_10_27_22.0\\S55263\\ADNI_130_S_0449_MR_MPR____N3__Scaled_Br_20081014113016096_S55263_I120606.nii'),('I120618','MCI','F',68,'../data/ADNI_data/ADNI1_Annual_2_Yr_3T/images\\136_S_0579\\MPR____N3__Scaled\\2008-08-18_11_18_37.0\\S55502\\ADNI_136_S_0579_MR_MPR____N3__Scaled_Br_20081014114857145_S55502_I120618.nii'),('I120746','CN','F',79,'../data/ADNI_data/ADNI1_Annual_2_Yr_3T/images\\002_S_0413\\MPR____N3__Scaled\\2008-07-31_09_17_17.0\\S54597\\ADNI_002_S_0413_MR_MPR____N3__Scaled_Br_20081014173055492_S54597_I120746.nii'),('I120779','CN','M',82,'../data/ADNI_data/ADNI1_Annual_2_Yr_3T/images\\002_S_0559\\MPR____N3__Scaled\\2008-08-15_17_03_28.0\\S55646\\ADNI_002_S_0559_MR_MPR____N3__Scaled_Br_20081014173439529_S55646_I120779.nii'),('I120789','CN','M',87,'../data/ADNI_data/ADNI1_Annual_2_Yr_3T/images\\005_S_0553\\MPR__GradWarp__B1_Correction__N3__Scaled\\2008-07-08_13_01_32.0\\S53157\\ADNI_005_S_0553_MR_MPR__GradWarp__B1_Correction__N3__Scaled_Br_20081014174211298_S53157_I120789.nii'),('I120798','MCI','M',89,'../data/ADNI_data/ADNI1_Annual_2_Yr_3T/images\\023_S_0604\\MPR__GradWarp__B1_Correction__N3__Scaled\\2008-07-30_10_18_17.0\\S54484\\ADNI_023_S_0604_MR_MPR__GradWarp__B1_Correction__N3__Scaled_Br_20081014175230216_S54484_I120798.nii'),('I123767','CN','F',78,'../data/ADNI_data/ADNI1_Annual_2_Yr_3T/images\\116_S_0382\\MPR__GradWarp__B1_Correction__N3__Scaled\\2008-05-28_11_50_22.0\\S50711\\ADNI_116_S_0382_MR_MPR__GradWarp__B1_Correction__N3__Scaled_Br_20081026134853747_S50711_I123767.nii'),('I124008','MCI','F',67,'../data/ADNI_data/ADNI1_Annual_2_Yr_3T/images\\002_S_0729\\MPR____N3__Scaled\\2008-09-29_11_52_49.0\\S56800\\ADNI_002_S_0729_MR_MPR____N3__Scaled_Br_20081027115509985_S56800_I124008.nii'),('I124097','AD','M',82,'../data/ADNI_data/ADNI1_Annual_2_Yr_3T/images\\023_S_0916\\MPR__GradWarp__B1_Correction__N3__Scaled\\2008-09-30_12_38_39.0\\S56855\\ADNI_023_S_0916_MR_MPR__GradWarp__B1_Correction__N3__Scaled_Br_20081027124305165_S56855_I124097.nii'),('I124115','MCI','M',73,'../data/ADNI_data/ADNI1_Annual_2_Yr_3T/images\\031_S_0830\\MPR-R__GradWarp__B1_Correction__N3__Scaled\\2008-09-25_15_04_31.0\\S56755\\ADNI_031_S_0830_MR_MPR-R__GradWarp__B1_Correction__N3__Scaled_Br_20081027135813050_S56755_I124115.nii'),('I124170','CN','F',73,'../data/ADNI_data/ADNI1_Annual_2_Yr_3T/images\\130_S_0886\\MPR____N3__Scaled\\2008-10-06_08_56_16.0\\S56975\\ADNI_130_S_0886_MR_MPR____N3__Scaled_Br_20081027143646182_S56975_I124170.nii'),('I124421','AD','F',73,'../data/ADNI_data/ADNI1_Annual_2_Yr_3T/images\\005_S_0814\\MPR__GradWarp__B1_Correction__N3__Scaled\\2008-10-08_14_17_28.0\\S57167\\ADNI_005_S_0814_MR_MPR__GradWarp__B1_Correction__N3__Scaled_Br_20081029154648050_S57167_I124421.nii'),('I124536','MCI','M',82,'../data/ADNI_data/ADNI1_Annual_2_Yr_3T/images\\130_S_0505\\MPR____N3__Scaled\\2008-10-13_10_53_00.0\\S57499\\ADNI_130_S_0505_MR_MPR____N3__Scaled_Br_20081030095808424_S57499_I124536.nii'),('I125029','CN','F',73,'../data/ADNI_data/ADNI1_Annual_2_Yr_3T/images\\023_S_0926\\MPR__GradWarp__B1_Correction__N3__Scaled\\2008-10-21_12_56_33.0\\S57754\\ADNI_023_S_0926_MR_MPR__GradWarp__B1_Correction__N3__Scaled_Br_20081103162936500_S57754_I125029.nii'),('I129286','CN','M',75,'../data/ADNI_data/ADNI1_Annual_2_Yr_3T/images\\023_S_0963\\MPR__GradWarp__B1_Correction__N3__Scaled\\2008-11-24_11_12_51.0\\S60208\\ADNI_023_S_0963_MR_MPR__GradWarp__B1_Correction__N3__Scaled_Br_20081204152616250_S60208_I129286.nii'),('I129313','MCI','M',75,'../data/ADNI_data/ADNI1_Annual_2_Yr_3T/images\\031_S_1066\\MPR__GradWarp__B1_Correction__N3__Scaled\\2008-11-25_13_28_06.0\\S60309\\ADNI_031_S_1066_MR_MPR__GradWarp__B1_Correction__N3__Scaled_Br_20081204171122222_S60309_I129313.nii'),('I129629','AD','F',87,'../data/ADNI_data/ADNI1_Annual_2_Yr_3T/images\\127_S_0844\\MPR__GradWarp__B1_Correction__N3__Scaled\\2008-11-17_13_22_58.0\\S60080\\ADNI_127_S_0844_MR_MPR__GradWarp__B1_Correction__N3__Scaled_Br_20081209114252932_S60080_I129629.nii'),('I129655','AD','F',66,'../data/ADNI_data/ADNI1_Annual_2_Yr_3T/images\\130_S_0956\\MPR____N3__Scaled\\2008-11-03_10_46_39.0\\S58319\\ADNI_130_S_0956_MR_MPR____N3__Scaled_Br_20081209120621816_S58319_I129655.nii'),('I132215','MCI','M',76,'../data/ADNI_data/ADNI1_Annual_2_Yr_3T/images\\002_S_1070\\MPR____N3__Scaled\\2008-12-11_13_04_47.0\\S60783\\ADNI_002_S_1070_MR_MPR____N3__Scaled_Br_20081224110557894_S60783_I132215.nii'),('I132220','CN','F',73,'../data/ADNI_data/ADNI1_Annual_2_Yr_3T/images\\002_S_1261\\MPR____N3__Scaled\\2008-05-27_18_41_16.0\\S60591\\ADNI_002_S_1261_MR_MPR____N3__Scaled_Br_20081224110926692_S60591_I132220.nii'),('I132795','AD','F',73,'../data/ADNI_data/ADNI1_Annual_2_Yr_3T/images\\002_S_1018\\MPR____N3__Scaled\\2008-12-12_09_06_11.0\\S60846\\ADNI_002_S_1018_MR_MPR____N3__Scaled_Br_20090106140133108_S60846_I132795.nii'),('I132800','CN','M',78,'../data/ADNI_data/ADNI1_Annual_2_Yr_3T/images\\012_S_1009\\MPR____N3__Scaled\\2008-12-09_15_26_39.0\\S60789\\ADNI_012_S_1009_MR_MPR____N3__Scaled_Br_20090106140504041_S60789_I132800.nii'),('I132918','MCI','F',57,'../data/ADNI_data/ADNI1_Annual_2_Yr_3T/images\\053_S_0507\\MPR____N3__Scaled__No_phantom_for_scaling\\2008-06-11_09_06_08.0\\S51462\\ADNI_053_S_0507_MR_MPR____N3__Scaled__No_phantom_for_scaling_Br_20090107125111129_S51462_I132918.nii'),('I133882','MCI','F',81,'../data/ADNI_data/ADNI1_Annual_2_Yr_3T/images\\067_S_0607\\MPR__GradWarp__B1_Correction__N3__Scaled\\2008-11-14_07_33_42.0\\S59060\\ADNI_067_S_0607_MR_MPR__GradWarp__B1_Correction__N3__Scaled_Br_20090115181725583_S59060_I133882.nii'),('I135570','MCI','F',58,'../data/ADNI_data/ADNI1_Annual_2_Yr_3T/images\\016_S_1121\\MPR-R__GradWarp__B1_Correction__N3__Scaled\\2008-12-23_17_07_59.0\\S61187\\ADNI_016_S_1121_MR_MPR-R__GradWarp__B1_Correction__N3__Scaled_Br_20090210095958290_S61187_I135570.nii'),('I135775','AD','M',87,'../data/ADNI_data/ADNI1_Annual_2_Yr_3T/images\\027_S_1081\\MPR__GradWarp__B1_Correction__N3__Scaled\\2009-02-04_11_44_02.0\\S62633\\ADNI_027_S_1081_MR_MPR__GradWarp__B1_Correction__N3__Scaled_Br_20090212093103740_S62633_I135775.nii'),('I136193','MCI','M',83,'../data/ADNI_data/ADNI1_Annual_2_Yr_3T/images\\023_S_1126\\MPR__GradWarp__B1_Correction__N3__Scaled\\2009-02-06_09_48_46.0\\S62759\\ADNI_023_S_1126_MR_MPR__GradWarp__B1_Correction__N3__Scaled_Br_20090217145937057_S62759_I136193.nii'),('I138011','MCI','M',74,'../data/ADNI_data/ADNI1_Annual_2_Yr_3T/images\\023_S_1046\\MPR__GradWarp__B1_Correction__N3__Scaled\\2009-01-21_11_02_17.0\\S62076\\ADNI_023_S_1046_MR_MPR__GradWarp__B1_Correction__N3__Scaled_Br_20090309120721661_S62076_I138011.nii'),('I138050','CN','F',79,'../data/ADNI_data/ADNI1_Annual_2_Yr_3T/images\\023_S_1190\\MPR__GradWarp__B1_Correction__N3__Scaled\\2009-01-15_08_51_56.0\\S61896\\ADNI_023_S_1190_MR_MPR__GradWarp__B1_Correction__N3__Scaled_Br_20090309131958877_S61896_I138050.nii'),('I138103','MCI','F',71,'../data/ADNI_data/ADNI1_Annual_2_Yr_3T/images\\016_S_1117\\MPR__GradWarp__B1_Correction__N3__Scaled\\2009-02-25_11_10_56.0\\S63702\\ADNI_016_S_1117_MR_MPR__GradWarp__B1_Correction__N3__Scaled_Br_20090309162532154_S63702_I138103.nii'),('I138580','MCI','F',81,'../data/ADNI_data/ADNI1_Annual_2_Yr_3T/images\\023_S_0030\\MPR-R__GradWarp__B1_Correction__N3__Scaled\\2006-10-12_14_15_33.0\\S20029\\ADNI_023_S_0030_MR_MPR-R__GradWarp__B1_Correction__N3__Scaled_Br_20090312152026543_S20029_I138580.nii'),('I138627','CN','F',71,'../data/ADNI_data/ADNI1_Annual_2_Yr_3T/images\\023_S_0926\\MPR-R__GradWarp__B1_Correction__N3__Scaled\\2006-10-16_12_51_09.0\\S20160\\ADNI_023_S_0926_MR_MPR-R__GradWarp__B1_Correction__N3__Scaled_Br_20090312161219095_S20160_I138627.nii'),('I138792','MCI','M',71,'../data/ADNI_data/ADNI1_Annual_2_Yr_3T/images\\031_S_0830\\MPR-R__GradWarp__B1_Correction__N3__Scaled\\2006-09-21_12_40_35.0\\S19249\\ADNI_031_S_0830_MR_MPR-R__GradWarp__B1_Correction__N3__Scaled_Br_20090313093246631_S19249_I138792.nii'),('I138806','CN','M',85,'../data/ADNI_data/ADNI1_Annual_2_Yr_3T/images\\037_S_0303\\MPR__GradWarp__B1_Correction__N3__Scaled\\2007-04-25_09_43_45.0\\S30681\\ADNI_037_S_0303_MR_MPR__GradWarp__B1_Correction__N3__Scaled_Br_20090313100252849_S30681_I138806.nii'),('I138844','MCI','F',79,'../data/ADNI_data/ADNI1_Annual_2_Yr_3T/images\\067_S_0607\\MPR-R__GradWarp__B1_Correction__N3__Scaled\\2007-08-13_10_19_21.0\\S37331\\ADNI_067_S_0607_MR_MPR-R__GradWarp__B1_Correction__N3__Scaled_Br_20090313104940015_S37331_I138844.nii'),('I139325','CN','F',73,'../data/ADNI_data/ADNI1_Annual_2_Yr_3T/images\\116_S_1249\\MPR-R__GradWarp__B1_Correction__N3__Scaled\\2009-02-04_11_59_44.0\\S62655\\ADNI_116_S_1249_MR_MPR-R__GradWarp__B1_Correction__N3__Scaled_Br_20090317145337635_S62655_I139325.nii'),('I139891','CN','M',86,'../data/ADNI_data/ADNI1_Annual_2_Yr_3T/images\\018_S_0425\\MPR____N3__Scaled\\2006-06-19_16_00_21.0\\S15637\\ADNI_018_S_0425_MR_MPR____N3__Scaled_Br_20090326124223290_S15637_I139891.nii'),('I140734','MCI','M',85,'../data/ADNI_data/ADNI1_Annual_2_Yr_3T/images\\002_S_1268\\MPR____N3__Scaled\\2009-03-04_15_14_55.0\\S63925\\ADNI_002_S_1268_MR_MPR____N3__Scaled_Br_20090407144633316_S63925_I140734.nii'),('I140739','CN','F',73,'../data/ADNI_data/ADNI1_Annual_2_Yr_3T/images\\002_S_1280\\MPR____N3__Scaled\\2009-02-19_11_28_04.0\\S63388\\ADNI_002_S_1280_MR_MPR____N3__Scaled_Br_20090407145026305_S63388_I140739.nii'),('I140782','CN','M',75,'../data/ADNI_data/ADNI1_Annual_2_Yr_3T/images\\007_S_1206\\MPR__GradWarp__B1_Correction__N3__Scaled\\2009-02-12_12_03_36.0\\S62967\\ADNI_007_S_1206_MR_MPR__GradWarp__B1_Correction__N3__Scaled_Br_20090407152057920_S62967_I140782.nii'),('I140800','CN','F',76,'../data/ADNI_data/ADNI1_Annual_2_Yr_3T/images\\007_S_1222\\MPR__GradWarp__B1_Correction__N3__Scaled\\2009-02-19_10_49_11.0\\S63335\\ADNI_007_S_1222_MR_MPR__GradWarp__B1_Correction__N3__Scaled_Br_20090407153830453_S63335_I140800.nii'),('I141230','CN','F',74,'../data/ADNI_data/ADNI1_Annual_2_Yr_3T/images\\032_S_1169\\MPR__GradWarp__B1_Correction__N3__Scaled\\2009-01-21_10_37_40.0\\S62137\\ADNI_032_S_1169_MR_MPR__GradWarp__B1_Correction__N3__Scaled_Br_20090408170123590_S62137_I141230.nii'),('I142001','AD','F',74,'../data/ADNI_data/ADNI1_Annual_2_Yr_3T/images\\031_S_1209\\MPR__GradWarp__B1_Correction__N3__Scaled\\2009-02-10_10_19_15.0\\S62928\\ADNI_031_S_1209_MR_MPR__GradWarp__B1_Correction__N3__Scaled_Br_20090420145927373_S62928_I142001.nii'),('I142107','CN','F',78,'../data/ADNI_data/ADNI1_Annual_2_Yr_3T/images\\051_S_1123\\MPR__GradWarp__B1_Correction__N3__Scaled\\2009-02-23_13_21_03.0\\S63819\\ADNI_051_S_1123_MR_MPR__GradWarp__B1_Correction__N3__Scaled_Br_20090421114051834_S63819_I142107.nii'),('I142375','MCI','M',88,'../data/ADNI_data/ADNI1_Annual_2_Yr_3T/images\\027_S_1387\\MPR-R__GradWarp__B1_Correction__N3__Scaled\\2009-03-11_13_30_04.0\\S64292\\ADNI_027_S_1387_MR_MPR-R__GradWarp__B1_Correction__N3__Scaled_Br_20090422154709210_S64292_I142375.nii'),('I142425','CN','F',74,'../data/ADNI_data/ADNI1_Annual_2_Yr_3T/images\\116_S_1232\\MPR__GradWarp__B1_Correction__N3__Scaled\\2009-02-05_13_46_24.0\\S62768\\ADNI_116_S_1232_MR_MPR__GradWarp__B1_Correction__N3__Scaled_Br_20090423104047815_S62768_I142425.nii'),('I143116','MCI','F',75,'../data/ADNI_data/ADNI1_Annual_2_Yr_3T/images\\023_S_1247\\MPR-R__GradWarp__B1_Correction__N3__Scaled\\2009-03-12_10_37_55.0\\S64442\\ADNI_023_S_1247_MR_MPR-R__GradWarp__B1_Correction__N3__Scaled_Br_20090504152403133_S64442_I143116.nii'),('I143178','AD','F',72,'../data/ADNI_data/ADNI1_Annual_2_Yr_3T/images\\027_S_1385\\MPR__GradWarp__B1_Correction__N3__Scaled\\2009-03-12_11_29_27.0\\S64402\\ADNI_027_S_1385_MR_MPR__GradWarp__B1_Correction__N3__Scaled_Br_20090505102357735_S64402_I143178.nii'),('I143554','MCI','M',68,'../data/ADNI_data/ADNI1_Annual_2_Yr_3T/images\\016_S_1326\\MPR__GradWarp__B1_Correction__N3__Scaled\\2009-04-13_14_40_01.0\\S66357\\ADNI_016_S_1326_MR_MPR__GradWarp__B1_Correction__N3__Scaled_Br_20090511163732648_S66357_I143554.nii'),('I149636','CN','F',78,'../data/ADNI_data/ADNI1_Annual_2_Yr_3T/images\\100_S_1286\\MPR____N3__Scaled\\2009-03-17_12_31_45.0\\S64895\\ADNI_100_S_1286_MR_MPR____N3__Scaled_Br_20090717153824945_S64895_I149636.nii'),('I174851','MCI','F',79,'../data/ADNI_data/ADNI1_Annual_2_Yr_3T/images\\051_S_1331\\MPR__GradWarp__B1_Correction__N3__Scaled\\2009-07-13_09_41_30.0\\S69898\\ADNI_051_S_1331_MR_MPR__GradWarp__B1_Correction__N3__Scaled_Br_20100527161945092_S69898_I174851.nii'),('I30968','CN','M',70,'../data/ADNI_data/ADNI1_Annual_2_Yr_3T/images\\023_S_0058\\MPR__GradWarp__B1_Correction__N3__Scaled\\2005-12-12_12_29_36.0\\S10498\\ADNI_023_S_0058_MR_MPR__GradWarp__B1_Correction__N3__Scaled_Br_20061130133702940_S10498_I30968.nii'),('I31107','CN','F',77,'../data/ADNI_data/ADNI1_Annual_2_Yr_3T/images\\023_S_0061\\MPR__GradWarp__B1_Correction__N3__Scaled\\2005-12-20_15_54_41.0\\S10633\\ADNI_023_S_0061_MR_MPR__GradWarp__B1_Correction__N3__Scaled_Br_20061130182551088_S10633_I31107.nii'),('I31446','MCI','M',71,'../data/ADNI_data/ADNI1_Annual_2_Yr_3T/images\\023_S_0388\\MPR__GradWarp__B1_Correction__N3__Scaled\\2006-05-04_15_27_08.0\\S14001\\ADNI_023_S_0388_MR_MPR__GradWarp__B1_Correction__N3__Scaled_Br_20061203120855584_S14001_I31446.nii'),('I31468','MCI','M',87,'../data/ADNI_data/ADNI1_Annual_2_Yr_3T/images\\023_S_0604\\MPR-R__GradWarp__B1_Correction__N3__Scaled\\2006-06-20_09_34_04.0\\S15677\\ADNI_023_S_0604_MR_MPR-R__GradWarp__B1_Correction__N3__Scaled_Br_20061203124804456_S15677_I31468.nii'),('I31500','MCI','M',76,'../data/ADNI_data/ADNI1_Annual_2_Yr_3T/images\\023_S_0625\\MPR__GradWarp__B1_Correction__N3__Scaled\\2006-07-12_14_23_13.0\\S16766\\ADNI_023_S_0625_MR_MPR__GradWarp__B1_Correction__N3__Scaled_Br_20061203133805576_S16766_I31500.nii'),('I31623','MCI','F',80,'../data/ADNI_data/ADNI1_Annual_2_Yr_3T/images\\023_S_0030\\MPR__GradWarp__B1_Correction__N3__Scaled\\2005-10-26_09_01_07.0\\S8908\\ADNI_023_S_0030_MR_MPR__GradWarp__B1_Correction__N3__Scaled_Br_20061204153813354_S8908_I31623.nii'),('I32755','CN','M',85,'../data/ADNI_data/ADNI1_Annual_2_Yr_3T/images\\005_S_0553\\MPR__GradWarp__B1_Correction__N3__Scaled\\2006-06-28_12_11_17.0\\S15928\\ADNI_005_S_0553_MR_MPR__GradWarp__B1_Correction__N3__Scaled_Br_20061212135745131_S15928_I32755.nii'),('I32777','MCI','F',75,'../data/ADNI_data/ADNI1_Annual_2_Yr_3T/images\\005_S_0324\\MPR-R__GradWarp__B1_Correction__N3__Scaled\\2006-04-21_10_20_45.0\\S13664\\ADNI_005_S_0324_MR_MPR-R__GradWarp__B1_Correction__N3__Scaled_Br_20061212142345901_S13664_I32777.nii'),('I32785','MCI','M',86,'../data/ADNI_data/ADNI1_Annual_2_Yr_3T/images\\005_S_0448\\MPR-R__GradWarp__B1_Correction__N3__Scaled\\2006-05-22_15_18_16.0\\S14868\\ADNI_005_S_0448_MR_MPR-R__GradWarp__B1_Correction__N3__Scaled_Br_20061212143206036_S14868_I32785.nii'),('I32817','MCI','M',79,'../data/ADNI_data/ADNI1_Annual_2_Yr_3T/images\\005_S_0572\\MPR-R__GradWarp__B1_Correction__N3__Scaled\\2006-07-31_14_47_09.0\\S17494\\ADNI_005_S_0572_MR_MPR-R__GradWarp__B1_Correction__N3__Scaled_Br_20061212145700047_S17494_I32817.nii'),('I33046','CN','M',81,'../data/ADNI_data/ADNI1_Annual_2_Yr_3T/images\\100_S_0015\\MPR-R____N3__Scaled\\2005-10-31_14_50_12.0\\S8833\\ADNI_100_S_0015_MR_MPR-R____N3__Scaled_Br_20061213152852376_S8833_I33046.nii'),('I33114','MCI','M',79,'../data/ADNI_data/ADNI1_Annual_2_Yr_3T/images\\100_S_0190\\MPR____N3__Scaled\\2006-05-22_11_34_17.0\\S15011\\ADNI_100_S_0190_MR_MPR____N3__Scaled_Br_20061213165243410_S15011_I33114.nii'),('I34168','MCI','M',79,'../data/ADNI_data/ADNI1_Annual_2_Yr_3T/images\\027_S_0307\\MPR__GradWarp__B1_Correction__N3__Scaled\\2006-05-11_16_31_47.0\\S14336\\ADNI_027_S_0307_MR_MPR__GradWarp__B1_Correction__N3__Scaled_Br_20061222185350351_S14336_I34168.nii'),('I34190','CN','M',76,'../data/ADNI_data/ADNI1_Annual_2_Yr_3T/images\\027_S_0403\\MPR-R__GradWarp__B1_Correction__N3__Scaled\\2006-05-08_10_29_51.0\\S14179\\ADNI_027_S_0403_MR_MPR-R__GradWarp__B1_Correction__N3__Scaled_Br_20061222192740789_S14179_I34190.nii'),('I34195','AD','F',88,'../data/ADNI_data/ADNI1_Annual_2_Yr_3T/images\\027_S_0404\\MPR__GradWarp__B1_Correction__N3__Scaled\\2006-05-16_10_24_38.0\\S14494\\ADNI_027_S_0404_MR_MPR__GradWarp__B1_Correction__N3__Scaled_Br_20061222193516770_S14494_I34195.nii'),('I34371','CN','F',79,'../data/ADNI_data/ADNI1_Annual_2_Yr_3T/images\\127_S_0260\\MPR__GradWarp__B1_Correction__N3__Scaled\\2006-05-01_13_12_05.0\\S13858\\ADNI_127_S_0260_MR_MPR__GradWarp__B1_Correction__N3__Scaled_Br_20061227143400735_S13858_I34371.nii'),('I34866','MCI','F',78,'../data/ADNI_data/ADNI1_Annual_2_Yr_3T/images\\067_S_0607\\MPR__GradWarp__B1_Correction__N3__Scaled\\2006-08-18_10_24_25.0\\S18034\\ADNI_067_S_0607_MR_MPR__GradWarp__B1_Correction__N3__Scaled_Br_20061229190754863_S18034_I34866.nii'),('I35014','AD','F',84,'../data/ADNI_data/ADNI1_Annual_2_Yr_3T/images\\018_S_0335\\MPR____N3__Scaled\\2006-05-31_16_04_30.0\\S15247\\ADNI_018_S_0335_MR_MPR____N3__Scaled_Br_20070101215011237_S15247_I35014.nii'),('I35029','MCI','M',69,'../data/ADNI_data/ADNI1_Annual_2_Yr_3T/images\\018_S_0450\\MPR____N3__Scaled\\2006-06-23_15_21_55.0\\S15825\\ADNI_018_S_0450_MR_MPR____N3__Scaled_Br_20070101221702956_S15825_I35029.nii'),('I35039','AD','M',83,'../data/ADNI_data/ADNI1_Annual_2_Yr_3T/images\\018_S_0633\\MPR____N3__Scaled\\2006-07-17_11_06_31.0\\S16900\\ADNI_018_S_0633_MR_MPR____N3__Scaled_Br_20070101223315779_S16900_I35039.nii'),('I35653','MCI','M',73,'../data/ADNI_data/ADNI1_Annual_2_Yr_3T/images\\027_S_0835\\MPR__GradWarp__B1_Correction__N3__Scaled\\2006-09-28_09_23_19.0\\S19496\\ADNI_027_S_0835_MR_MPR__GradWarp__B1_Correction__N3__Scaled_Br_20070109231952406_S19496_I35653.nii'),('I37190','CN','M',76,'../data/ADNI_data/ADNI1_Annual_2_Yr_3T/images\\018_S_0369\\MPR____N3__Scaled\\2006-05-11_16_19_12.0\\S14343\\ADNI_018_S_0369_MR_MPR____N3__Scaled_Br_20070123180135564_S14343_I37190.nii'),('I38878','CN','F',76,'../data/ADNI_data/ADNI1_Annual_2_Yr_3T/images\\126_S_0605\\MPR__GradWarp__B1_Correction__N3__Scaled\\2006-06-29_10_05_51.0\\S15942\\ADNI_126_S_0605_MR_MPR__GradWarp__B1_Correction__N3__Scaled_Br_20070209185049979_S15942_I38878.nii'),('I38887','AD','F',69,'../data/ADNI_data/ADNI1_Annual_2_Yr_3T/images\\126_S_0606\\MPR__GradWarp__B1_Correction__N3__Scaled\\2006-08-14_07_32_37.0\\S17816\\ADNI_126_S_0606_MR_MPR__GradWarp__B1_Correction__N3__Scaled_Br_20070209190556936_S17816_I38887.nii'),('I39197','MCI','M',80,'../data/ADNI_data/ADNI1_Annual_2_Yr_3T/images\\130_S_0505\\MPR____N3__Scaled\\2006-10-18_09_43_32.0\\S20396\\ADNI_130_S_0505_MR_MPR____N3__Scaled_Br_20070210222802960_S20396_I39197.nii'),('I39200','AD','F',64,'../data/ADNI_data/ADNI1_Annual_2_Yr_3T/images\\130_S_0956\\MPR____N3__Scaled\\2006-11-06_09_40_12.0\\S22511\\ADNI_130_S_0956_MR_MPR____N3__Scaled_Br_20070210223200198_S22511_I39200.nii'),('I39203','CN','M',70,'../data/ADNI_data/ADNI1_Annual_2_Yr_3T/images\\130_S_0969\\MPR____N3__Scaled\\2006-11-06_08_27_29.0\\S22655\\ADNI_130_S_0969_MR_MPR____N3__Scaled_Br_20070210223626600_S22655_I39203.nii'),('I39288','CN','F',71,'../data/ADNI_data/ADNI1_Annual_2_Yr_3T/images\\130_S_0886\\MPR-R____N3__Scaled\\2006-10-16_08_49_47.0\\S20151\\ADNI_130_S_0886_MR_MPR-R____N3__Scaled_Br_20070211002657559_S20151_I39288.nii'),('I40172','CN','F',80,'../data/ADNI_data/ADNI1_Annual_2_Yr_3T/images\\136_S_0086\\MPR____N3__Scaled\\2006-05-08_10_55_23.0\\S14069\\ADNI_136_S_0086_MR_MPR____N3__Scaled_Br_20070215172221943_S14069_I40172.nii'),('I40191','CN','F',78,'../data/ADNI_data/ADNI1_Annual_2_Yr_3T/images\\136_S_0184\\MPR____N3__Scaled\\2006-03-27_12_32_31.0\\S12474\\ADNI_136_S_0184_MR_MPR____N3__Scaled_Br_20070215174801158_S12474_I40191.nii'),('I40254','MCI','M',80,'../data/ADNI_data/ADNI1_Annual_2_Yr_3T/images\\136_S_0195\\MPR____N3__Scaled\\2006-04-04_10_54_57.0\\S12748\\ADNI_136_S_0195_MR_MPR____N3__Scaled_Br_20070215185520914_S12748_I40254.nii'),('I40269','CN','F',78,'../data/ADNI_data/ADNI1_Annual_2_Yr_3T/images\\136_S_0196\\MPR____N3__Scaled\\2006-05-01_11_18_56.0\\S13831\\ADNI_136_S_0196_MR_MPR____N3__Scaled_Br_20070215192140032_S13831_I40269.nii'),('I40352','AD','M',57,'../data/ADNI_data/ADNI1_Annual_2_Yr_3T/images\\136_S_0300\\MPR-R____N3__Scaled\\2006-06-07_09_09_23.0\\S15349\\ADNI_136_S_0300_MR_MPR-R____N3__Scaled_Br_20070215211009479_S15349_I40352.nii'),('I40378','AD','M',80,'../data/ADNI_data/ADNI1_Annual_2_Yr_3T/images\\136_S_0426\\MPR____N3__Scaled\\2006-05-30_10_46_09.0\\S15017\\ADNI_136_S_0426_MR_MPR____N3__Scaled_Br_20070215213410384_S15017_I40378.nii'),('I40392','MCI','M',63,'../data/ADNI_data/ADNI1_Annual_2_Yr_3T/images\\136_S_0429\\MPR____N3__Scaled\\2006-06-27_10_25_33.0\\S15882\\ADNI_136_S_0429_MR_MPR____N3__Scaled_Br_20070215221039819_S15882_I40392.nii'),('I40404','MCI','F',66,'../data/ADNI_data/ADNI1_Annual_2_Yr_3T/images\\136_S_0579\\MPR-R____N3__Scaled\\2006-07-10_11_45_57.0\\S16545\\ADNI_136_S_0579_MR_MPR-R____N3__Scaled_Br_20070215222116139_S16545_I40404.nii'),('I40657','CN','F',76,'../data/ADNI_data/ADNI1_Annual_2_Yr_3T/images\\002_S_0413\\MPR____N3__Scaled\\2006-05-19_16_17_47.0\\S14782\\ADNI_002_S_0413_MR_MPR____N3__Scaled_Br_20070216232854688_S14782_I40657.nii'),('I40692','MCI','F',65,'../data/ADNI_data/ADNI1_Annual_2_Yr_3T/images\\002_S_0729\\MPR____N3__Scaled\\2006-08-02_07_02_00.0\\S17535\\ADNI_002_S_0729_MR_MPR____N3__Scaled_Br_20070217001301848_S17535_I40692.nii'),('I40828','AD','F',71,'../data/ADNI_data/ADNI1_Annual_2_Yr_3T/images\\002_S_1018\\MPR____N3__Scaled\\2006-12-18_14_57_09.0\\S24312\\ADNI_002_S_1018_MR_MPR____N3__Scaled_Br_20070217032215330_S24312_I40828.nii'),('I40840','MCI','M',74,'../data/ADNI_data/ADNI1_Annual_2_Yr_3T/images\\002_S_1070\\MPR____N3__Scaled\\2006-12-18_09_11_48.0\\S24206\\ADNI_002_S_1070_MR_MPR____N3__Scaled_Br_20070217034203890_S24206_I40840.nii'),('I45126','CN','M',79,'../data/ADNI_data/ADNI1_Annual_2_Yr_3T/images\\002_S_0559\\MPR____N3__Scaled\\2006-06-27_18_28_33.0\\S15922\\ADNI_002_S_0559_MR_MPR____N3__Scaled_Br_20070319121214158_S15922_I45126.nii'),('I47177','AD','M',85,'../data/ADNI_data/ADNI1_Annual_2_Yr_3T/images\\027_S_1081\\MPR__GradWarp__B1_Correction__N3__Scaled\\2007-02-08_09_33_53.0\\S26054\\ADNI_027_S_1081_MR_MPR__GradWarp__B1_Correction__N3__Scaled_Br_20070327153912557_S26054_I47177.nii'),('I47186','AD','F',70,'../data/ADNI_data/ADNI1_Annual_2_Yr_3T/images\\027_S_1082\\MPR__GradWarp__B1_Correction__N3__Scaled\\2006-12-13_14_18_44.0\\S23987\\ADNI_027_S_1082_MR_MPR__GradWarp__B1_Correction__N3__Scaled_Br_20070327155420107_S23987_I47186.nii'),('I51934','CN','F',78,'../data/ADNI_data/ADNI1_Annual_2_Yr_3T/images\\023_S_0031\\MPR-R__GradWarp__B1_Correction__N3__Scaled\\2005-10-28_12_35_33.0\\S10009\\ADNI_023_S_0031_MR_MPR-R__GradWarp__B1_Correction__N3__Scaled_Br_20070427181838920_S10009_I51934.nii'),('I52107','MCI','M',72,'../data/ADNI_data/ADNI1_Annual_2_Yr_3T/images\\023_S_1046\\MPR__GradWarp__B1_Correction__N3__Scaled\\2006-11-15_14_35_52.0\\S22606\\ADNI_023_S_1046_MR_MPR__GradWarp__B1_Correction__N3__Scaled_Br_20070427201702633_S22606_I52107.nii'),('I52129','CN','F',77,'../data/ADNI_data/ADNI1_Annual_2_Yr_3T/images\\023_S_1190\\MPR__GradWarp__B1_Correction__N3__Scaled\\2007-01-17_09_13_56.0\\S25153\\ADNI_023_S_1190_MR_MPR__GradWarp__B1_Correction__N3__Scaled_Br_20070427203443094_S25153_I52129.nii'),('I52138','MCI','F',73,'../data/ADNI_data/ADNI1_Annual_2_Yr_3T/images\\023_S_1247\\MPR__GradWarp__B1_Correction__N3__Scaled\\2007-02-21_14_10_43.0\\S26861\\ADNI_023_S_1247_MR_MPR__GradWarp__B1_Correction__N3__Scaled_Br_20070427204139431_S26861_I52138.nii'),('I53802','CN','F',76,'../data/ADNI_data/ADNI1_Annual_2_Yr_3T/images\\116_S_0382\\MPR__GradWarp__B1_Correction__N3__Scaled\\2006-06-13_10_21_56.0\\S15735\\ADNI_116_S_0382_MR_MPR__GradWarp__B1_Correction__N3__Scaled_Br_20070508153859326_S15735_I53802.nii'),('I53845','CN','F',71,'../data/ADNI_data/ADNI1_Annual_2_Yr_3T/images\\116_S_1249\\MPR-R__GradWarp__B1_Correction__N3__Scaled\\2007-03-01_11_05_48.0\\S27351\\ADNI_116_S_1249_MR_MPR-R__GradWarp__B1_Correction__N3__Scaled_Br_20070508161406653_S27351_I53845.nii'),('I58054','CN','F',76,'../data/ADNI_data/ADNI1_Annual_2_Yr_3T/images\\051_S_1123\\MPR__GradWarp__B1_Correction__N3__Scaled\\2007-02-06_12_14_26.0\\S25973\\ADNI_051_S_1123_MR_MPR__GradWarp__B1_Correction__N3__Scaled_Br_20070628171146730_S25973_I58054.nii'),('I59214','CN','M',76,'../data/ADNI_data/ADNI1_Annual_2_Yr_3T/images\\012_S_1009\\MPR____N3__Scaled\\2006-11-03_13_49_34.0\\S22179\\ADNI_012_S_1009_MR_MPR____N3__Scaled_Br_20070711170219086_S22179_I59214.nii'),('I59677','AD','M',77,'../data/ADNI_data/ADNI1_Annual_2_Yr_3T/images\\116_S_0487\\MPR-R__GradWarp__B1_Correction__N3__Scaled\\2006-08-10_11_59_16.0\\S17729\\ADNI_116_S_0487_MR_MPR-R__GradWarp__B1_Correction__N3__Scaled_Br_20070712180404741_S17729_I59677.nii'),('I59955','CN','M',73,'../data/ADNI_data/ADNI1_Annual_2_Yr_3T/images\\007_S_1206\\MPR__GradWarp__B1_Correction__N3__Scaled\\2007-01-30_15_20_54.0\\S25703\\ADNI_007_S_1206_MR_MPR__GradWarp__B1_Correction__N3__Scaled_Br_20070713113644677_S25703_I59955.nii'),('I59986','CN','F',73,'../data/ADNI_data/ADNI1_Annual_2_Yr_3T/images\\007_S_1222\\MPR__GradWarp__B1_Correction__N3__Scaled\\2007-02-07_11_10_45.0\\S26090\\ADNI_007_S_1222_MR_MPR__GradWarp__B1_Correction__N3__Scaled_Br_20070713115714585_S26090_I59986.nii'),('I63475','CN','M',82,'../data/ADNI_data/ADNI1_Annual_2_Yr_3T/images\\100_S_0015\\MPR-R____N3__Scaled\\2006-10-16_10_46_04.0\\S20311\\ADNI_100_S_0015_MR_MPR-R____N3__Scaled_Br_20070731183715194_S20311_I63475.nii'),('I63508','MCI','M',87,'../data/ADNI_data/ADNI1_Annual_2_Yr_3T/images\\116_S_0649\\MPR__GradWarp__B1_Correction__N3__Scaled\\2006-09-08_11_21_50.0\\S18687\\ADNI_116_S_0649_MR_MPR__GradWarp__B1_Correction__N3__Scaled_Br_20070731185839496_S18687_I63508.nii'),('I63565','CN','F',80,'../data/ADNI_data/ADNI1_Annual_2_Yr_3T/images\\127_S_0260\\MPR__GradWarp__B1_Correction__N3__Scaled\\2007-05-08_13_08_10.0\\S31931\\ADNI_127_S_0260_MR_MPR__GradWarp__B1_Correction__N3__Scaled_Br_20070731195531372_S31931_I63565.nii'),('I64077','MCI','M',88,'../data/ADNI_data/ADNI1_Annual_2_Yr_3T/images\\023_S_0604\\MPR-R__GradWarp__B1_Correction__N3__Scaled\\2007-06-11_13_33_28.0\\S33372\\ADNI_023_S_0604_MR_MPR-R__GradWarp__B1_Correction__N3__Scaled_Br_20070802173458625_S33372_I64077.nii'),('I64551','CN','F',77,'../data/ADNI_data/ADNI1_Annual_2_Yr_3T/images\\002_S_0413\\MPR____N3__Scaled\\2007-06-01_07_57_43.0\\S32945\\ADNI_002_S_0413_MR_MPR____N3__Scaled_Br_20070804124954957_S32945_I64551.nii'),('I64800','MCI','M',72,'../data/ADNI_data/ADNI1_Annual_2_Yr_3T/images\\023_S_0376\\MPR__GradWarp__B1_Correction__N3__Scaled\\2007-03-20_09_11_10.0\\S28518\\ADNI_023_S_0376_MR_MPR__GradWarp__B1_Correction__N3__Scaled_Br_20070805131701599_S28518_I64800.nii'),('I64862','AD','F',73,'../data/ADNI_data/ADNI1_Annual_2_Yr_3T/images\\023_S_1262\\MPR-R__GradWarp__B1_Correction__N3__Scaled\\2007-02-28_09_22_42.0\\S27243\\ADNI_023_S_1262_MR_MPR-R__GradWarp__B1_Correction__N3__Scaled_Br_20070805140940607_S27243_I64862.nii'),('I65374','AD','F',70,'../data/ADNI_data/ADNI1_Annual_2_Yr_3T/images\\027_S_1385\\MPR__GradWarp__B1_Correction__N3__Scaled\\2007-03-26_16_27_30.0\\S28972\\ADNI_027_S_1385_MR_MPR__GradWarp__B1_Correction__N3__Scaled_Br_20070807092416718_S28972_I65374.nii'),('I65561','CN','F',71,'../data/ADNI_data/ADNI1_Annual_2_Yr_3T/images\\002_S_1261\\MPR____N3__Scaled\\2007-02-27_13_28_07.0\\S27226\\ADNI_002_S_1261_MR_MPR____N3__Scaled_Br_20070807144436756_S27226_I65561.nii'),('I65874','CN','F',71,'../data/ADNI_data/ADNI1_Annual_2_Yr_3T/images\\002_S_1280\\MPR____N3__Scaled\\2007-02-27_09_41_57.0\\S27230\\ADNI_002_S_1280_MR_MPR____N3__Scaled_Br_20070808154151968_S27230_I65874.nii'),('I66009','MCI','M',80,'../data/ADNI_data/ADNI1_Annual_2_Yr_3T/images\\027_S_0307\\MPR__GradWarp__B1_Correction__N3__Scaled\\2007-05-01_15_32_29.0\\S31552\\ADNI_027_S_0307_MR_MPR__GradWarp__B1_Correction__N3__Scaled_Br_20070808172558926_S31552_I66009.nii'),('I66018','MCI','F',65,'../data/ADNI_data/ADNI1_Annual_2_Yr_3T/images\\023_S_0331\\MPR__GradWarp__B1_Correction__N3__Scaled\\2006-04-12_12_35_42.0\\S13168\\ADNI_023_S_0331_MR_MPR__GradWarp__B1_Correction__N3__Scaled_Br_20070808173645065_S13168_I66018.nii'),('I66740','CN','F',79,'../data/ADNI_data/ADNI1_Annual_2_Yr_3T/images\\136_S_0196\\MPR____N3__Scaled\\2007-05-07_10_39_33.0\\S31829\\ADNI_136_S_0196_MR_MPR____N3__Scaled_Br_20070809224441151_S31829_I66740.nii'),('I66768','AD','M',58,'../data/ADNI_data/ADNI1_Annual_2_Yr_3T/images\\136_S_0300\\MPR____N3__Scaled\\2007-05-29_12_24_45.0\\S32709\\ADNI_136_S_0300_MR_MPR____N3__Scaled_Br_20070809231204041_S32709_I66768.nii'),('I66787','AD','M',81,'../data/ADNI_data/ADNI1_Annual_2_Yr_3T/images\\136_S_0426\\MPR____N3__Scaled\\2007-06-04_12_24_17.0\\S32971\\ADNI_136_S_0426_MR_MPR____N3__Scaled_Br_20070809233020851_S32971_I66787.nii'),('I66824','MCI','F',65,'../data/ADNI_data/ADNI1_Annual_2_Yr_3T/images\\136_S_1227\\MPR____N3__Scaled\\2007-02-21_13_12_42.0\\S26837\\ADNI_136_S_1227_MR_MPR____N3__Scaled_Br_20070810000731580_S26837_I66824.nii'),('I67174','MCI','F',66,'../data/ADNI_data/ADNI1_Annual_2_Yr_3T/images\\023_S_0331\\MPR__GradWarp__B1_Correction__N3__Scaled\\2007-03-19_14_36_19.0\\S28331\\ADNI_023_S_0331_MR_MPR__GradWarp__B1_Correction__N3__Scaled_Br_20070812140259245_S28331_I67174.nii'),('I67380','CN','M',77,'../data/ADNI_data/ADNI1_Annual_2_Yr_3T/images\\027_S_0403\\MPR__GradWarp__B1_Correction__N3__Scaled\\2007-05-14_14_09_53.0\\S32184\\ADNI_027_S_0403_MR_MPR__GradWarp__B1_Correction__N3__Scaled_Br_20070813143207736_S32184_I67380.nii'),('I67781','CN','F',81,'../data/ADNI_data/ADNI1_Annual_2_Yr_3T/images\\136_S_0086\\MPR____N3__Scaled\\2007-05-01_13_01_27.0\\S31407\\ADNI_136_S_0086_MR_MPR____N3__Scaled_Br_20070815111150885_S31407_I67781.nii'),('I69136','CN','F',79,'../data/ADNI_data/ADNI1_Annual_2_Yr_3T/images\\136_S_0184\\MPR-R____N3__Scaled\\2007-03-20_10_46_32.0\\S28430\\ADNI_136_S_0184_MR_MPR-R____N3__Scaled_Br_20070819190556867_S28430_I69136.nii'),('I70611','MCI','F',76,'../data/ADNI_data/ADNI1_Annual_2_Yr_3T/images\\005_S_0324\\MPR__GradWarp__B1_Correction__N3__Scaled\\2007-05-09_10_27_32.0\\S31973\\ADNI_005_S_0324_MR_MPR__GradWarp__B1_Correction__N3__Scaled_Br_20070828100626599_S31973_I70611.nii'),('I70680','CN','M',77,'../data/ADNI_data/ADNI1_Annual_2_Yr_3T/images\\018_S_0369\\MPR____N3__Scaled\\2007-04-24_09_26_28.0\\S30432\\ADNI_018_S_0369_MR_MPR____N3__Scaled_Br_20070828110545014_S30432_I70680.nii'),('I70687','MCI','M',81,'../data/ADNI_data/ADNI1_Annual_2_Yr_3T/images\\023_S_1126\\MPR-R__GradWarp__B1_Correction__N3__Scaled\\2006-12-13_10_50_44.0\\S23968\\ADNI_023_S_1126_MR_MPR-R__GradWarp__B1_Correction__N3__Scaled_Br_20070828111153037_S23968_I70687.nii'),('I71302','MCI','M',87,'../data/ADNI_data/ADNI1_Annual_2_Yr_3T/images\\005_S_0448\\MPR__GradWarp__B1_Correction__N3__Scaled\\2007-05-30_10_38_21.0\\S32787\\ADNI_005_S_0448_MR_MPR__GradWarp__B1_Correction__N3__Scaled_Br_20070904174004430_S32787_I71302.nii'),('I71312','CN','M',86,'../data/ADNI_data/ADNI1_Annual_2_Yr_3T/images\\005_S_0553\\MPR__GradWarp__B1_Correction__N3__Scaled\\2007-06-14_11_39_03.0\\S33606\\ADNI_005_S_0553_MR_MPR__GradWarp__B1_Correction__N3__Scaled_Br_20070904174642851_S33606_I71312.nii'),('I71451','AD','M',84,'../data/ADNI_data/ADNI1_Annual_2_Yr_3T/images\\018_S_0633\\MPR____N3__Scaled\\2007-07-17_13_33_03.0\\S35155\\ADNI_018_S_0633_MR_MPR____N3__Scaled_Br_20070904192251723_S35155_I71451.nii'),('I72352','CN','F',76,'../data/ADNI_data/ADNI1_Annual_2_Yr_3T/images\\127_S_0622\\MPR__GradWarp__B1_Correction__N3__Scaled\\2007-06-27_13_12_00.0\\S34177\\ADNI_127_S_0622_MR_MPR__GradWarp__B1_Correction__N3__Scaled_Br_20070910193313383_S34177_I72352.nii'),('I72405','MCI','M',79,'../data/ADNI_data/ADNI1_Annual_2_Yr_3T/images\\037_S_0501\\MPR__GradWarp__B1_Correction__N3__Scaled\\2007-07-11_11_34_02.0\\S35029\\ADNI_037_S_0501_MR_MPR__GradWarp__B1_Correction__N3__Scaled_Br_20070911102616170_S35029_I72405.nii'),('I72427','MCI','M',77,'../data/ADNI_data/ADNI1_Annual_2_Yr_3T/images\\067_S_0290\\MPR-R__GradWarp__B1_Correction__N3__Scaled\\2007-06-15_13_33_52.0\\S33684\\ADNI_067_S_0290_MR_MPR-R__GradWarp__B1_Correction__N3__Scaled_Br_20070911104732616_S33684_I72427.nii'),('I72864','CN','F',77,'../data/ADNI_data/ADNI1_Annual_2_Yr_3T/images\\126_S_0605\\MPR__GradWarp__B1_Correction__N3__Scaled\\2007-06-19_10_28_45.0\\S33846\\ADNI_126_S_0605_MR_MPR__GradWarp__B1_Correction__N3__Scaled_Br_20070912182851106_S33846_I72864.nii'),('I72873','AD','F',70,'../data/ADNI_data/ADNI1_Annual_2_Yr_3T/images\\126_S_0606\\MPR__GradWarp__B1_Correction__N3__Scaled\\2007-07-30_10_14_54.0\\S36584\\ADNI_126_S_0606_MR_MPR__GradWarp__B1_Correction__N3__Scaled_Br_20070912183441138_S36584_I72873.nii'),('I73073','MCI','M',77,'../data/ADNI_data/ADNI1_Annual_2_Yr_3T/images\\023_S_0625\\MPR__GradWarp__B1_Correction__N3__Scaled\\2007-07-16_12_27_22.0\\S35062\\ADNI_023_S_0625_MR_MPR__GradWarp__B1_Correction__N3__Scaled_Br_20070913154835134_S35062_I73073.nii'),('I73347','CN','M',72,'../data/ADNI_data/ADNI1_Annual_2_Yr_3T/images\\032_S_0677\\MPR__GradWarp__B1_Correction__N3__Scaled\\2007-07-19_10_03_36.0\\S35547\\ADNI_032_S_0677_MR_MPR__GradWarp__B1_Correction__N3__Scaled_Br_20070917105517823_S35547_I73347.nii'),('I74496','CN','F',75,'../data/ADNI_data/ADNI1_Annual_2_Yr_3T/images\\127_S_0622\\MPR__GradWarp__B1_Correction__N3__Scaled\\2006-06-29_13_01_25.0\\S15986\\ADNI_127_S_0622_MR_MPR__GradWarp__B1_Correction__N3__Scaled_Br_20070922104550551_S15986_I74496.nii'),('I74600','AD','F',71,'../data/ADNI_data/ADNI1_Annual_2_Yr_3T/images\\005_S_0814\\MPR__GradWarp__B1_Correction__N3__Scaled\\2006-09-20_11_11_42.0\\S19117\\ADNI_005_S_0814_MR_MPR__GradWarp__B1_Correction__N3__Scaled_Br_20070923123736255_S19117_I74600.nii'),('I74659','AD','M',65,'../data/ADNI_data/ADNI1_Annual_2_Yr_3T/images\\012_S_0689\\MPR____N3__Scaled\\2007-07-19_15_30_56.0\\S36506\\ADNI_012_S_0689_MR_MPR____N3__Scaled_Br_20070923132626782_S36506_I74659.nii'),('I75459','MCI','F',55,'../data/ADNI_data/ADNI1_Annual_2_Yr_3T/images\\053_S_0507\\MPR____N3__Scaled\\2006-06-06_09_19_06.0\\S15256\\ADNI_053_S_0507_MR_MPR____N3__Scaled_Br_20070927074706802_S15256_I75459.nii'),('I75471','MCI','F',56,'../data/ADNI_data/ADNI1_Annual_2_Yr_3T/images\\053_S_0507\\MPR____N3__Scaled\\2007-06-11_11_19_48.0\\S33392\\ADNI_053_S_0507_MR_MPR____N3__Scaled_Br_20070927075702120_S33392_I75471.nii'),('I76601','MCI','M',70,'../data/ADNI_data/ADNI1_Annual_2_Yr_3T/images\\018_S_0450\\MPR____N3__Scaled\\2007-06-12_09_21_26.0\\S33479\\ADNI_018_S_0450_MR_MPR____N3__Scaled_Br_20071002180752596_S33479_I76601.nii'),('I78663','MCI','F',66,'../data/ADNI_data/ADNI1_Annual_2_Yr_3T/images\\002_S_0729\\MPR____N3__Scaled\\2007-09-05_07_54_56.0\\S38913\\ADNI_002_S_0729_MR_MPR____N3__Scaled_Br_20071027115015319_S38913_I78663.nii'),('I79784','MCI','M',78,'../data/ADNI_data/ADNI1_Annual_2_Yr_3T/images\\037_S_0501\\MPR-R__GradWarp__B1_Correction__N3__Scaled\\2006-06-23_11_03_42.0\\S15805\\ADNI_037_S_0501_MR_MPR-R__GradWarp__B1_Correction__N3__Scaled_Br_20071030163828841_S15805_I79784.nii'),('I80152','AD','M',81,'../data/ADNI_data/ADNI1_Annual_2_Yr_3T/images\\023_S_0916\\MPR__GradWarp__B1_Correction__N3__Scaled\\2007-09-28_12_32_33.0\\S40736\\ADNI_023_S_0916_MR_MPR__GradWarp__B1_Correction__N3__Scaled_Br_20071101155340047_S40736_I80152.nii'),('I81373','AD','F',85,'../data/ADNI_data/ADNI1_Annual_2_Yr_3T/images\\018_S_0335\\MPR____N3__Scaled\\2007-05-22_09_08_59.0\\S32509\\ADNI_018_S_0335_MR_MPR____N3__Scaled_Br_20071110113402311_S32509_I81373.nii'),('I81434','MCI','F',67,'../data/ADNI_data/ADNI1_Annual_2_Yr_3T/images\\130_S_0449\\MPR-R____N3__Scaled\\2006-08-16_10_41_17.0\\S18012\\ADNI_130_S_0449_MR_MPR-R____N3__Scaled_Br_20071110121628197_S18012_I81434.nii'),('I81874','CN','F',78,'../data/ADNI_data/ADNI1_Annual_2_Yr_3T/images\\023_S_0061\\MPR__GradWarp__B1_Correction__N3__Scaled\\2006-12-06_10_28_05.0\\S23481\\ADNI_023_S_0061_MR_MPR__GradWarp__B1_Correction__N3__Scaled_Br_20071113172723593_S23481_I81874.nii'),('I81937','CN','F',72,'../data/ADNI_data/ADNI1_Annual_2_Yr_3T/images\\023_S_0926\\MPR__GradWarp__B1_Correction__N3__Scaled\\2007-10-23_10_09_03.0\\S41848\\ADNI_023_S_0926_MR_MPR__GradWarp__B1_Correction__N3__Scaled_Br_20071113181008708_S41848_I81937.nii'),('I81981','MCI','M',81,'../data/ADNI_data/ADNI1_Annual_2_Yr_3T/images\\136_S_0195\\MPR____N3__Scaled\\2007-03-26_12_42_01.0\\S28912\\ADNI_136_S_0195_MR_MPR____N3__Scaled_Br_20071113184014832_S28912_I81981.nii'),('I82102','CN','M',81,'../data/ADNI_data/ADNI1_Annual_2_Yr_3T/images\\002_S_0559\\MPR-R____N3__Scaled\\2007-10-18_17_06_13.0\\S41825\\ADNI_002_S_0559_MR_MPR-R____N3__Scaled_Br_20071115083403092_S41825_I82102.nii'),('I82223','MCI','M',74,'../data/ADNI_data/ADNI1_Annual_2_Yr_3T/images\\027_S_0835\\MPR__GradWarp__B1_Correction__N3__Scaled\\2007-09-26_10_08_34.0\\S40013\\ADNI_027_S_0835_MR_MPR__GradWarp__B1_Correction__N3__Scaled_Br_20071115094836333_S40013_I82223.nii'),('I82509','MCI','F',77,'../data/ADNI_data/ADNI1_Annual_2_Yr_3T/images\\051_S_1331\\MPR-R__GradWarp__B1_Correction__N3__Scaled\\2007-04-26_09_35_03.0\\S30826\\ADNI_051_S_1331_MR_MPR-R__GradWarp__B1_Correction__N3__Scaled_Br_20071118111838279_S30826_I82509.nii'),('I82551','CN','M',83,'../data/ADNI_data/ADNI1_Annual_2_Yr_3T/images\\100_S_0015\\MPR____N3__Scaled\\2007-10-11_09_34_10.0\\S41463\\ADNI_100_S_0015_MR_MPR____N3__Scaled_Br_20071118114815290_S41463_I82551.nii'),('I82556','MCI','M',80,'../data/ADNI_data/ADNI1_Annual_2_Yr_3T/images\\100_S_0190\\MPR____N3__Scaled\\2007-05-10_11_11_43.0\\S32134\\ADNI_100_S_0190_MR_MPR____N3__Scaled_Br_20071118115111622_S32134_I82556.nii'),('I82571','CN','F',76,'../data/ADNI_data/ADNI1_Annual_2_Yr_3T/images\\100_S_1286\\MPR____N3__Scaled\\2007-03-07_12_43_38.0\\S28476\\ADNI_100_S_1286_MR_MPR____N3__Scaled_Br_20071119085444964_S28476_I82571.nii'),('I82651','AD','F',86,'../data/ADNI_data/ADNI1_Annual_2_Yr_3T/images\\127_S_0844\\MPR__GradWarp__B1_Correction__N3__Scaled\\2007-10-26_13_23_34.0\\S42006\\ADNI_127_S_0844_MR_MPR__GradWarp__B1_Correction__N3__Scaled_Br_20071119095745044_S42006_I82651.nii'),('I82700','AD','F',65,'../data/ADNI_data/ADNI1_Annual_2_Yr_3T/images\\130_S_0956\\MPR____N3__Scaled\\2007-11-01_09_21_36.0\\S42138\\ADNI_130_S_0956_MR_MPR____N3__Scaled_Br_20071119103328096_S42138_I82700.nii'),('I83512','MCI','M',88,'../data/ADNI_data/ADNI1_Annual_2_Yr_3T/images\\116_S_0649\\MPR__GradWarp__B1_Correction__N3__Scaled\\2007-08-08_14_06_50.0\\S42362\\ADNI_116_S_0649_MR_MPR__GradWarp__B1_Correction__N3__Scaled_Br_20071127181121294_S42362_I83512.nii'),('I83521','AD','F',85,'../data/ADNI_data/ADNI1_Annual_2_Yr_3T/images\\127_S_0844\\MPR__GradWarp__B1_Correction__N3__Scaled\\2006-11-09_11_56_09.0\\S22284\\ADNI_127_S_0844_MR_MPR__GradWarp__B1_Correction__N3__Scaled_Br_20071127181826334_S22284_I83521.nii'),('I83549','MCI','M',64,'../data/ADNI_data/ADNI1_Annual_2_Yr_3T/images\\136_S_0429\\MPR____N3__Scaled\\2007-06-18_12_20_22.0\\S33730\\ADNI_136_S_0429_MR_MPR____N3__Scaled_Br_20071127184003417_S33730_I83549.nii'),('I83554','MCI','F',66,'../data/ADNI_data/ADNI1_Annual_2_Yr_3T/images\\136_S_0579\\MPR____N3__Scaled\\2007-06-25_12_41_37.0\\S34002\\ADNI_136_S_0579_MR_MPR____N3__Scaled_Br_20071127184324135_S34002_I83554.nii'),('I85469','AD','F',72,'../data/ADNI_data/ADNI1_Annual_2_Yr_3T/images\\005_S_0814\\MPR__GradWarp__B1_Correction__N3__Scaled\\2007-11-27_11_19_32.0\\S43028\\ADNI_005_S_0814_MR_MPR__GradWarp__B1_Correction__N3__Scaled_Br_20071219103854028_S43028_I85469.nii'),('I86030','MCI','M',80,'../data/ADNI_data/ADNI1_Annual_2_Yr_3T/images\\005_S_0572\\MPR-R__GradWarp__B1_Correction__N3__Scaled\\2007-07-09_09_17_05.0\\S34606\\ADNI_005_S_0572_MR_MPR-R__GradWarp__B1_Correction__N3__Scaled_Br_20071223123153496_S34606_I86030.nii'),('I86231','MCI','M',75,'../data/ADNI_data/ADNI1_Annual_2_Yr_3T/images\\002_S_1070\\MPR____N3__Scaled\\2007-12-10_17_52_02.0\\S43530\\ADNI_002_S_1070_MR_MPR____N3__Scaled_Br_20071227094032049_S43530_I86231.nii'),('I86345','MCI','M',66,'../data/ADNI_data/ADNI1_Annual_2_Yr_3T/images\\016_S_1326\\MPR__GradWarp__B1_Correction__N3__Scaled\\2007-04-02_11_56_41.0\\S29365\\ADNI_016_S_1326_MR_MPR__GradWarp__B1_Correction__N3__Scaled_Br_20071229180439589_S29365_I86345.nii'),('I86377','AD','F',71,'../data/ADNI_data/ADNI1_Annual_2_Yr_3T/images\\027_S_1082\\MPR__GradWarp__B1_Correction__N3__Scaled\\2007-12-05_10_07_07.0\\S43354\\ADNI_027_S_1082_MR_MPR__GradWarp__B1_Correction__N3__Scaled_Br_20071229182514433_S43354_I86377.nii'),('I87046','CN','M',72,'../data/ADNI_data/ADNI1_Annual_2_Yr_3T/images\\023_S_0058\\MPR__GradWarp__B1_Correction__N3__Scaled\\2007-12-06_12_36_06.0\\S43409\\ADNI_023_S_0058_MR_MPR__GradWarp__B1_Correction__N3__Scaled_Br_20080111134700268_S43409_I87046.nii'),('I87064','CN','F',79,'../data/ADNI_data/ADNI1_Annual_2_Yr_3T/images\\023_S_0061\\MPR__GradWarp__B1_Correction__N3__Scaled\\2007-12-13_13_06_37.0\\S43840\\ADNI_023_S_0061_MR_MPR__GradWarp__B1_Correction__N3__Scaled_Br_20080111135822317_S43840_I87064.nii'),('I87106','MCI','M',74,'../data/ADNI_data/ADNI1_Annual_2_Yr_3T/images\\031_S_1066\\MPR-R__GradWarp__B1_Correction__N3__Scaled\\2007-12-14_16_38_15.0\\S44040\\ADNI_031_S_1066_MR_MPR-R__GradWarp__B1_Correction__N3__Scaled_Br_20080111142901961_S44040_I87106.nii'),('I87493','MCI','F',82,'../data/ADNI_data/ADNI1_Annual_2_Yr_3T/images\\023_S_0030\\MPR__GradWarp__B1_Correction__N3__Scaled\\2007-11-13_12_58_18.0\\S42714\\ADNI_023_S_0030_MR_MPR__GradWarp__B1_Correction__N3__Scaled_Br_20080115173619365_S42714_I87493.nii'),('I87547','AD','F',89,'../data/ADNI_data/ADNI1_Annual_2_Yr_3T/images\\027_S_0404\\MPR__GradWarp__B1_Correction__N3__Scaled\\2007-05-16_10_07_28.0\\S32328\\ADNI_027_S_0404_MR_MPR__GradWarp__B1_Correction__N3__Scaled_Br_20080116084710279_S32328_I87547.nii'),('I87739','CN','F',77,'../data/ADNI_data/ADNI1_Annual_2_Yr_3T/images\\116_S_0382\\MPR__GradWarp__B1_Correction__N3__Scaled\\2007-06-13_11_24_40.0\\S33693\\ADNI_116_S_0382_MR_MPR__GradWarp__B1_Correction__N3__Scaled_Br_20080117114012937_S33693_I87739.nii'),('I88270','MCI','M',73,'../data/ADNI_data/ADNI1_Annual_2_Yr_3T/images\\023_S_1046\\MPR__GradWarp__B1_Correction__N3__Scaled\\2007-11-06_09_02_19.0\\S42331\\ADNI_023_S_1046_MR_MPR__GradWarp__B1_Correction__N3__Scaled_Br_20080124114448930_S42331_I88270.nii'),('I88372','CN','F',78,'../data/ADNI_data/ADNI1_Annual_2_Yr_3T/images\\023_S_1190\\MPR__GradWarp__B1_Correction__N3__Scaled\\2008-01-08_10_13_42.0\\S44392\\ADNI_023_S_1190_MR_MPR__GradWarp__B1_Correction__N3__Scaled_Br_20080124145245630_S44392_I88372.nii'),('I89124','MCI','M',75,'../data/ADNI_data/ADNI1_Annual_2_Yr_3T/images\\067_S_0290\\MPR-R__GradWarp__B1_Correction__N3__Scaled\\2006-06-01_09_36_34.0\\S15130\\ADNI_067_S_0290_MR_MPR-R__GradWarp__B1_Correction__N3__Scaled_Br_20080131140522955_S15130_I89124.nii'),('I89933','CN','F',79,'../data/ADNI_data/ADNI1_Annual_2_Yr_3T/images\\023_S_0031\\MPR-R__GradWarp__B1_Correction__N3__Scaled\\2006-10-30_12_38_28.0\\S21475\\ADNI_023_S_0031_MR_MPR-R__GradWarp__B1_Correction__N3__Scaled_Br_20080207172633013_S21475_I89933.nii'),('I90026','CN','M',73,'../data/ADNI_data/ADNI1_Annual_2_Yr_3T/images\\023_S_0963\\MPR-R__GradWarp__B1_Correction__N3__Scaled\\2006-10-17_11_37_41.0\\S20204\\ADNI_023_S_0963_MR_MPR-R__GradWarp__B1_Correction__N3__Scaled_Br_20080208105725529_S20204_I90026.nii'),('I90866','MCI','F',70,'../data/ADNI_data/ADNI1_Annual_2_Yr_3T/images\\016_S_1117\\MPR__GradWarp__B1_Correction__N3__Scaled\\2007-12-21_15_55_32.0\\S44329\\ADNI_016_S_1117_MR_MPR__GradWarp__B1_Correction__N3__Scaled_Br_20080220095943547_S44329_I90866.nii'),('I90916','MCI','M',73,'../data/ADNI_data/ADNI1_Annual_2_Yr_3T/images\\031_S_1066\\MPR__GradWarp__B1_Correction__N3__Scaled\\2006-12-04_12_03_05.0\\S23507\\ADNI_031_S_1066_MR_MPR__GradWarp__B1_Correction__N3__Scaled_Br_20080220103435137_S23507_I90916.nii'),('I90925','AD','F',72,'../data/ADNI_data/ADNI1_Annual_2_Yr_3T/images\\031_S_1209\\MPR__GradWarp__B1_Correction__N3__Scaled\\2007-01-31_14_55_45.0\\S25948\\ADNI_031_S_1209_MR_MPR__GradWarp__B1_Correction__N3__Scaled_Br_20080220104120930_S25948_I90925.nii'),('I90942','CN','M',71,'../data/ADNI_data/ADNI1_Annual_2_Yr_3T/images\\032_S_0677\\MPR__GradWarp__B1_Correction__N3__Scaled\\2006-10-09_14_17_34.0\\S19889\\ADNI_032_S_0677_MR_MPR__GradWarp__B1_Correction__N3__Scaled_Br_20080220105435721_S19889_I90942.nii'),('I91168','MCI','M',81,'../data/ADNI_data/ADNI1_Annual_2_Yr_3T/images\\130_S_0505\\MPR____N3__Scaled\\2007-10-10_09_00_07.0\\S41323\\ADNI_130_S_0505_MR_MPR____N3__Scaled_Br_20080220155941165_S41323_I91168.nii'),('I91173','CN','F',72,'../data/ADNI_data/ADNI1_Annual_2_Yr_3T/images\\130_S_0886\\MPR____N3__Scaled\\2007-10-10_10_25_49.0\\S41511\\ADNI_130_S_0886_MR_MPR____N3__Scaled_Br_20080220160240264_S41511_I91173.nii'),('I91703','MCI','F',74,'../data/ADNI_data/ADNI1_Annual_2_Yr_3T/images\\023_S_1247\\MPR__GradWarp__B1_Correction__N3__Scaled\\2008-01-29_09_10_42.0\\S45054\\ADNI_023_S_1247_MR_MPR__GradWarp__B1_Correction__N3__Scaled_Br_20080223124249591_S45054_I91703.nii'),('I91912','CN','F',73,'../data/ADNI_data/ADNI1_Annual_2_Yr_3T/images\\116_S_1232\\MPR__GradWarp__B1_Correction__N3__Scaled\\2008-01-30_12_15_13.0\\S45145\\ADNI_116_S_1232_MR_MPR__GradWarp__B1_Correction__N3__Scaled_Br_20080223173022273_S45145_I91912.nii'),('I91921','CN','F',72,'../data/ADNI_data/ADNI1_Annual_2_Yr_3T/images\\116_S_1249\\MPR__GradWarp__B1_Correction__N3__Scaled\\2008-02-06_11_30_23.0\\S45487\\ADNI_116_S_1249_MR_MPR__GradWarp__B1_Correction__N3__Scaled_Br_20080223173636549_S45487_I91921.nii'),('I92205','AD','F',73,'../data/ADNI_data/ADNI1_Annual_2_Yr_3T/images\\031_S_1209\\MPR__GradWarp__B1_Correction__N3__Scaled\\2008-02-08_13_06_55.0\\S45594\\ADNI_031_S_1209_MR_MPR__GradWarp__B1_Correction__N3__Scaled_Br_20080224135211107_S45594_I92205.nii'),('I92316','CN','M',77,'../data/ADNI_data/ADNI1_Annual_2_Yr_3T/images\\012_S_1009\\MPR____N3__Scaled\\2007-11-26_15_07_49.0\\S43089\\ADNI_012_S_1009_MR_MPR____N3__Scaled_Br_20080224151000732_S43089_I92316.nii'),('I92363','CN','M',71,'../data/ADNI_data/ADNI1_Annual_2_Yr_3T/images\\130_S_0969\\MPR____N3__Scaled\\2007-11-07_13_13_01.0\\S42414\\ADNI_130_S_0969_MR_MPR____N3__Scaled_Br_20080224154049674_S42414_I92363.nii'),('I92420','AD','M',78,'../data/ADNI_data/ADNI1_Annual_2_Yr_3T/images\\116_S_0487\\MPR__GradWarp__B1_Correction__N3__Scaled\\2007-06-18_09_45_37.0\\S33717\\ADNI_116_S_0487_MR_MPR__GradWarp__B1_Correction__N3__Scaled_Br_20080225094838615_S33717_I92420.nii'),('I92444','MCI','M',72,'../data/ADNI_data/ADNI1_Annual_2_Yr_3T/images\\031_S_0830\\MPR__GradWarp__B1_Correction__N3__Scaled\\2007-09-17_12_58_18.0\\S39458\\ADNI_031_S_0830_MR_MPR__GradWarp__B1_Correction__N3__Scaled_Br_20080225100608090_S39458_I92444.nii'),('I94432','AD','M',86,'../data/ADNI_data/ADNI1_Annual_2_Yr_3T/images\\027_S_1081\\MPR__GradWarp__B1_Correction__N3__Scaled\\2008-02-11_13_20_51.0\\S45549\\ADNI_027_S_1081_MR_MPR__GradWarp__B1_Correction__N3__Scaled_Br_20080229155222913_S45549_I94432.nii'),('I94563','CN','F',77,'../data/ADNI_data/ADNI1_Annual_2_Yr_3T/images\\051_S_1123\\MPR-R__GradWarp__B1_Correction__N3__Scaled\\2008-02-18_10_32_35.0\\S45804\\ADNI_051_S_1123_MR_MPR-R__GradWarp__B1_Correction__N3__Scaled_Br_20080229175627316_S45804_I94563.nii'),('I94863','MCI','M',81,'../data/ADNI_data/ADNI1_Annual_2_Yr_3T/images\\023_S_1126\\MPR__GradWarp__B1_Correction__N3__Scaled\\2007-11-28_11_17_19.0\\S43059\\ADNI_023_S_1126_MR_MPR__GradWarp__B1_Correction__N3__Scaled_Br_20080302124111638_S43059_I94863.nii'),('I96034','CN','M',74,'../data/ADNI_data/ADNI1_Annual_2_Yr_3T/images\\007_S_1206\\MPR__GradWarp__B1_Correction__N3__Scaled\\2008-02-22_11_39_38.0\\S46079\\ADNI_007_S_1206_MR_MPR__GradWarp__B1_Correction__N3__Scaled_Br_20080307172819103_S46079_I96034.nii'),('I96052','CN','F',75,'../data/ADNI_data/ADNI1_Annual_2_Yr_3T/images\\007_S_1222\\MPR__GradWarp__B1_Correction__N3__Scaled\\2008-02-22_08_51_18.0\\S46098\\ADNI_007_S_1222_MR_MPR__GradWarp__B1_Correction__N3__Scaled_Br_20080307174145562_S46098_I96052.nii'),('I96239','MCI','F',57,'../data/ADNI_data/ADNI1_Annual_2_Yr_3T/images\\016_S_1121\\MPR__GradWarp__B1_Correction__N3__Scaled\\2007-12-21_10_35_59.0\\S44323\\ADNI_016_S_1121_MR_MPR__GradWarp__B1_Correction__N3__Scaled_Br_20080308123145483_S44323_I96239.nii'),('I96312','CN','F',77,'../data/ADNI_data/ADNI1_Annual_2_Yr_3T/images\\100_S_1286\\MPR____N3__Scaled\\2008-02-11_13_39_59.0\\S45574\\ADNI_100_S_1286_MR_MPR____N3__Scaled_Br_20080308132349021_S45574_I96312.nii'),('I97022','AD','F',72,'../data/ADNI_data/ADNI1_Annual_2_Yr_3T/images\\002_S_1018\\MPR____N3__Scaled\\2007-12-07_18_28_23.0\\S43496\\ADNI_002_S_1018_MR_MPR____N3__Scaled_Br_20080313095739932_S43496_I97022.nii');
/*!40000 ALTER TABLE `Patient_data_train` ENABLE KEYS */;
UNLOCK TABLES;

--
-- Table structure for table `Patients_followup`
--

DROP TABLE IF EXISTS `Patients_followup`;
/*!40101 SET @saved_cs_client     = @@character_set_client */;
/*!50503 SET character_set_client = utf8mb4 */;
CREATE TABLE `Patients_followup` (
  `Patient_id` varchar(50) NOT NULL,
  `Gender` char(1) DEFAULT NULL,
  `Age` int DEFAULT NULL,
  `Image_path` varchar(255) DEFAULT NULL,
  `Group` varchar(5) DEFAULT NULL,
  `Date` date DEFAULT NULL
) ENGINE=InnoDB DEFAULT CHARSET=utf8mb4 COLLATE=utf8mb4_0900_ai_ci;
/*!40101 SET character_set_client = @saved_cs_client */;

--
-- Dumping data for table `Patients_followup`
--

LOCK TABLES `Patients_followup` WRITE;
/*!40000 ALTER TABLE `Patients_followup` DISABLE KEYS */;
INSERT INTO `Patients_followup` VALUES ('I40657','F',65,'./uploads\\ADNI_002_S_0413_MR_MPR____N3__Scaled_Br_20070216232854688_S14782_I40657.nii','CN','2021-01-18'),('I40657','F',73,'./uploads\\ADNI_002_S_0413_MR_MPR____N3__Scaled_Br_20070216232854688_S14782_I40657.nii','CN','2021-01-28'),('I40657','F',70,'./uploads\\ADNI_002_S_0413_MR_MPR____N3__Scaled_Br_20070216232854688_S14782_I40657.nii','CN','2021-02-08'),('I40657','F',70,'./uploads\\ADNI_002_S_0413_MR_MPR____N3__Scaled_Br_20070216232854688_S14782_I40657.nii','CN','2021-02-10'),('I40657','M',73,'./uploads\\ADNI_002_S_0413_MR_MPR____N3__Scaled_Br_20070216232854688_S14782_I40657.nii','CN','2021-02-22');
/*!40000 ALTER TABLE `Patients_followup` ENABLE KEYS */;
UNLOCK TABLES;
/*!40103 SET TIME_ZONE=@OLD_TIME_ZONE */;

/*!40101 SET SQL_MODE=@OLD_SQL_MODE */;
/*!40014 SET FOREIGN_KEY_CHECKS=@OLD_FOREIGN_KEY_CHECKS */;
/*!40014 SET UNIQUE_CHECKS=@OLD_UNIQUE_CHECKS */;
/*!40101 SET CHARACTER_SET_CLIENT=@OLD_CHARACTER_SET_CLIENT */;
/*!40101 SET CHARACTER_SET_RESULTS=@OLD_CHARACTER_SET_RESULTS */;
/*!40101 SET COLLATION_CONNECTION=@OLD_COLLATION_CONNECTION */;
/*!40111 SET SQL_NOTES=@OLD_SQL_NOTES */;

-- Dump completed on 2021-02-26 16:21:58
